gen,nevals,avg,std,min,max
0,500,-2.756702445957629,1.1847564577932517,-6.723429595122577,0.08494414499819646
1,500,-2.879763998226045,1.345251025550534,-8.006308364402594,0.21114737316888083
2,500,-2.8404651975918114,1.3041630852895747,-8.566673581172122,0.5298222179454946
3,500,-2.8245271842741992,1.2695973588763505,-6.745766533232609,0.5900809786726975
4,500,-2.82873393414938,1.3050605379484679,-7.888634640083582,0.4788061178431948
5,500,-2.745527900665925,1.2357240713981246,-7.027170156384722,0.45221307952834183
6,500,-2.7710458079567095,1.3914938376007857,-7.474289710649027,0.5264621769304715
7,500,-2.9545288458701906,1.3421832769121704,-7.96452177573844,0.22520514295664057
8,500,-2.8835204967864607,1.3229265849497875,-7.760833568940977,0.22705149452406675
9,500,-2.8431790556706265,1.3510175749072337,-7.802715559572036,0.37358834892733717
10,500,-2.841268425180751,1.260149241814137,-7.30438531632235,0.2063175818117818
11,500,-2.7615647636409353,1.2769964557301845,-8.792428015893233,0.3257856006111868
12,500,-2.882270506137764,1.2674433837274304,-6.988377688326082,0.2833808003300571
13,500,-2.8081640234427714,1.3050093190312946,-8.058138636561091,0.12795775841594573
14,500,-2.7925062840298907,1.2719126705179327,-7.12479868466315,0.07723433398149852
15,500,-2.926409904664265,1.3384885818158,-6.708158230688549,0.3738233639859335
16,500,-2.9008804437509625,1.314937305851572,-7.936451762287305,0.3999019396011048
17,500,-2.784038874673557,1.2766741912148536,-7.073632473124458,0.2921700595958007
18,500,-2.928927759348954,1.273991222983961,-7.591629175028851,0.8509067737049115
19,500,-2.7899382543207047,1.278081796973039,-6.6816015009225325,0.5503216165707527
20,500,-2.8566596216970663,1.2213168228844682,-7.163707613125384,0.05524877267752568
21,500,-2.891505425691897,1.3293211871609185,-8.06622120223835,0.744411857869727
22,500,-2.8007013793999986,1.2976855923470767,-7.1449851109657185,0.3048921697750853
23,500,-2.8901570691105833,1.3632824764815357,-8.536302684878404,0.31839197598884356
24,500,-2.9094705456085337,1.3823315900839346,-7.220860550445819,0.047775592825145596
25,500,-2.775474983798683,1.2732479686841072,-6.9133543817545275,0.14301868001592938
26,500,-2.723303466539567,1.223840609485729,-6.8447073297013175,0.24905214677903986
27,500,-2.8000788260624088,1.2354633261590953,-6.978697011923494,0.22500097431330915
28,500,-2.691015968102134,1.3274931514717625,-7.78427973302779,0.40416291000732896
29,500,-2.6392298465862285,1.3061470241914004,-7.778802239284898,0.009969942202337134
30,500,-2.474596553355427,1.3091995845814082,-7.146894706079804,0.5905222615915868
31,500,-2.4357688474975974,1.2412618697238216,-7.276472226631617,0.08935667802226728
32,500,-2.461759175219933,1.287196136697848,-8.905843730324753,0.7513781527821137
33,500,-2.3931797039387304,1.2934268870158812,-7.053951871122424,0.63776499469856
34,500,-2.2971104214967855,1.2548476699040285,-8.692964482614878,0.32494315156119535
35,500,-2.249889329650962,1.2425331611665023,-6.955396657560149,0.6853924466520859
36,500,-2.2503802610248926,1.1774789668712111,-7.001193012636504,0.4462722867879254
37,500,-2.2483940135893956,1.198565887251127,-7.202957288572061,0.41051366829547276
38,500,-2.2864566727458024,1.1481391634342746,-7.048023813163046,0.5297548221976289
39,500,-2.165866751261343,1.13258428672101,-6.919591257867033,0.5447722495353253
40,500,-2.1091557001572223,1.1720624602492875,-7.270738076326941,0.41497268352610545
41,500,-2.169904804082553,1.1097512864661174,-5.8726608905255855,0.7524195533612448
42,500,-2.1083268801965978,1.1479732002726426,-6.429333887776828,0.3428005381632157
43,500,-2.1209251810702936,1.1322985149864724,-5.640065284017147,0.5857479280110292
44,500,-2.167509620602825,1.203535927202624,-7.145621619243518,0.7755227029183971
45,500,-2.131859922729618,1.128969784285771,-7.109433116811369,0.39417398179994273
46,500,-2.1001448195925705,1.1822528816966948,-6.21738913502986,0.9302009304903791
47,500,-2.0561346173946498,1.1284095655940543,-6.218328973042534,0.6191430480648952
48,500,-1.990823481155045,1.0798827740520134,-6.718594085061101,0.9019851786031954
49,500,-1.9805767484980599,1.153588789475773,-6.037799578138956,0.4130319357586174
50,500,-1.873201757468648,1.1025590618483598,-5.470220580476362,0.8131590676014403
51,500,-1.7651930340475945,1.1787339058808834,-5.788787854403372,0.9187775573137902
52,500,-1.6463491601841358,1.161076102806008,-5.49217255589773,0.8605845676163361
53,500,-1.4991429835488421,1.0990364334250815,-5.579613615580489,1.1262701679897202
54,500,-1.2511422729199744,1.0725626242844455,-5.291557684604358,1.0482645352183715
55,500,-0.9801364927964011,0.9949863247190815,-5.181808135034105,0.9529493510018744
56,500,-0.8470028059948801,0.9704367282674525,-4.860885901788108,0.9655422989564807
57,500,-0.7532210954465552,0.8505870470549945,-5.187232444285127,1.0407723022689894
58,500,-0.7000543764184133,0.8796619712575326,-5.157115869918467,1.029957188732657
59,500,-0.7263289718902576,0.8693047226139982,-5.6237604897306035,1.0307672606362452
60,500,-0.7043069060211988,0.8493898212927826,-5.05107119600607,1.0037959741453384
61,500,-0.6508206778318762,0.8534315512139673,-4.38331867730472,1.0651451726074457
62,500,-0.6647554848731068,0.8502929705189021,-4.219816618507145,0.9615507058313222
63,500,-0.6256299748106798,0.7995596485287056,-5.67180175843466,0.9491717775292579
64,500,-0.6626529173554827,0.8224255834987199,-4.1415671152840785,0.9353766922026263
65,500,-0.6170524668586923,0.9196908192088995,-5.344927308443785,0.9705634168757891
66,500,-0.626245762517616,0.9011055775559643,-4.287359951317887,1.096345250502985
67,500,-0.548544299844784,0.9106385920073908,-6.171685990773566,1.2200617230889177
68,500,-0.5899678656930787,0.8868174169662827,-4.6514296639765025,1.259640722550434
69,500,-0.44980706416154215,0.8156024069487186,-5.022968574345607,1.1441683947061227
70,500,-0.42679966371731054,0.8042872977468927,-5.337865695806375,0.95495332655235
71,500,-0.49164048991962545,0.843952467461654,-4.4393864583455045,1.0175949988614832
72,500,-0.4627889115878779,0.8898257699541572,-4.894757935504092,1.0697768787144477
73,500,-0.41597382414769385,0.8501647378574343,-4.158930953267751,1.1565484476257526
74,500,-0.3177165026653296,0.7685223718935492,-4.940786247751911,1.3008974652272127
75,500,-0.3978060079324096,0.8012028088106002,-4.832968318205908,1.0052852825278868
76,500,-0.47480320723496583,0.860377509000585,-5.464585406388105,1.0570810797905443
77,500,-0.4267851765159038,0.8616466988780684,-4.643866382732812,0.949467471827921
78,500,-0.363414951607982,0.7784489986680614,-4.967000664413362,1.2455243785281471
79,500,-0.4644839188430254,0.9349930978235474,-6.100112316628903,1.1366178269245228
80,500,-0.4306721725735015,0.8314440462110111,-4.164183958091708,1.2001410699646597
81,500,-0.4147873268069737,0.8132936701566009,-3.8521652511377176,1.051203081276134
82,500,-0.3139220520716685,0.7641702054462803,-3.9632231216125655,0.9849431520414186
83,500,-0.4690985961831952,0.8892928231578361,-4.2815698553641495,1.2288691687641762
84,500,-0.37288286157521355,0.8380738875117122,-4.341201262781439,1.0548267602396277
85,500,-0.4012535303968564,0.8835082164472493,-5.444529859352988,1.19092423282844
86,500,-0.3170294406696537,0.7075011693261224,-3.5021920388521566,1.2159580304505906
87,500,-0.31488790482998674,0.7929071405266842,-4.7805578109707705,0.9974259836624612
88,500,-0.41290931693941835,0.8777238320487981,-4.63087040210079,1.0745924436740677
89,500,-0.28851959755751966,0.7824478198504887,-4.717202855411818,1.1232017982941302
90,500,-0.328492670302619,0.8040152155381478,-4.264091526647241,1.1034211783371162
91,500,-0.28782830532461745,0.8110770940700158,-4.744167585760557,1.202865222432363
92,500,-0.3261038035912757,0.8098219536669192,-3.670729589421178,1.0726285918962408
93,500,-0.21806501386397067,0.7603013481596266,-5.216242535703508,1.17801867213715
94,500,-0.264221041697968,0.7934408566797717,-4.138214828316874,1.2044075547858388
95,500,-0.41787326824512433,0.9733760928903181,-5.633611795922877,1.1200552590498905
96,500,-0.3184365306287273,0.8990988068372718,-6.461269907228325,1.1048158757090256
97,500,-0.29842634002392304,0.8748213502560336,-6.057242725454168,1.1833959049967162
98,500,-0.3093213766381655,0.9172602097984333,-7.402278634244929,1.1456636526057982
99,500,-0.24831859325773661,0.8140336657732692,-4.9480899060314645,1.1355490571440805
100,500,-0.3049306595344192,0.8684660891649307,-6.221903605329825,1.2952007987224294
101,500,-0.2746541282029837,0.8514311768930014,-6.126365761853785,1.2944701950448825
102,500,-0.3218337899992754,0.8652756034335585,-5.4853986544937055,1.1752939841827434
103,500,-0.30072110501909216,0.9373501853971565,-6.406165832775855,1.3675766745834212
104,500,-0.25258833095623867,0.7523910544816828,-5.835334871820155,1.2423383579484824
105,500,-0.24129082668108057,0.8578790078723243,-4.254108575138137,1.1777709889360446
106,500,-0.28141197198787055,0.7924781938911831,-4.626317953635849,1.1974770213089512
107,500,-0.3338716929210408,0.86252017475169,-5.009924803832018,1.1011079752093638
108,500,-0.24589494366191494,0.7774166837972156,-3.771943813536461,1.1542769874796686
109,500,-0.2763491111890522,0.8223302792484262,-4.647620564590315,1.237535232257302
110,500,-0.30806108086151757,0.9231554075144724,-5.846560992835816,1.184086213088229
111,500,-0.285793223576008,0.8062067528868164,-3.9278757774211526,1.2076245678859365
112,500,-0.2593662505751273,0.7809790090549975,-5.4881751070034035,1.1629616226431652
113,500,-0.2847519001368887,0.8148909684552006,-4.604406025413953,1.1646827307425192
114,500,-0.2615069187105479,0.9029548087577512,-6.926158598983737,1.2678153551656073
115,500,-0.24881585319458902,0.8896277927205867,-5.718080579873988,1.3856315071435727
116,500,-0.32487193656563035,0.8735058836810865,-4.656067165056622,1.2293969214900335
117,500,-0.25235770359679494,0.9275632150860791,-8.165589889735731,1.1759607678595794
118,500,-0.2987719492819801,0.9072540860286085,-6.678935989118948,1.3197422959356315
119,500,-0.29093129063881074,0.9608457101412533,-5.199023203494276,1.2273250666487758
120,500,-0.24094997745577326,0.8202586917022293,-5.495254768472389,1.2718177633507093
121,500,-0.23290674175754103,0.7621866103779323,-4.076337421517083,1.2383813083847433
122,500,-0.2526808107555397,0.8859989926108547,-5.916159455696073,1.1652143612525847
123,500,-0.33362130447684335,0.9515032859467103,-5.598973591212311,1.0796001284528842
124,500,-0.23269029999999005,0.8433780343854788,-5.280410040943669,1.2450085003722529
125,500,-0.28108416153618626,0.8429079826526023,-7.130778167335615,1.1610688830747553
126,500,-0.2188641294672687,0.7744011519939514,-4.298330781405726,1.2846773750680858
127,500,-0.26118596245044157,0.8940403529133886,-5.205583727474347,1.1803608208114365
128,500,-0.34201198463933863,0.9353358909844244,-5.708007808650541,1.1158880324902642
129,500,-0.23340733950666032,0.8399787191581433,-5.474778608306783,1.2354573255841994
130,500,-0.3419584219159298,0.82616408254494,-4.665456314980689,1.2729809453782912
131,500,-0.3038941581618765,0.8693469780927368,-4.877564976488127,1.2059682917646226
132,500,-0.28147784520627883,0.8125254467445414,-3.741334283773734,1.0574035583040646
133,500,-0.26253853093231233,0.9439643598495647,-6.550397681629024,1.1709221015774056
134,500,-0.18825286570795707,0.7539934821729943,-5.570210581207669,1.1722288658323574
135,500,-0.24613035989154888,0.8556030758543246,-5.626220091008966,1.192673077378603
136,500,-0.2762037338218496,0.9399998082824785,-5.59203504116806,1.0980858244501301
137,500,-0.24216502028486056,0.8682013110102055,-6.026334160139731,1.385230887448135
138,500,-0.3058191733987211,0.8440922415546754,-5.392771105817561,1.0615178018785438
139,500,-0.33225123154290737,0.848635349562575,-4.202985722028962,1.1987540030835966
140,500,-0.24012641092261464,0.8880884917467674,-5.742435401374862,1.24195642287043
141,500,-0.30657046605717675,0.8762045500935574,-5.148040332544342,1.0808046927734452
142,500,-0.37241796915027237,1.014533017838605,-8.396203650466912,1.2509914277669514
143,500,-0.2911237608202039,0.9246142739498682,-4.262672916457427,1.3627815395859644
144,500,-0.2106541555958727,0.8374639954413474,-7.369030801109929,1.1638952570690617
145,500,-0.2371594208731763,0.8004680918072067,-5.226013221127104,1.1537035065440127
146,500,-0.30294573347103276,0.9339971748062348,-5.826869271472302,1.2396447835601596
147,500,-0.35536634842807885,0.8943398895724247,-4.845744611213438,1.218651502044307
148,500,-0.27984883787484977,0.8258538167877153,-6.312750523299646,1.1081845242549904
149,500,-0.2824473024902276,0.9412912504019461,-7.06683008127428,1.2708637546436519
150,500,-0.28810233541277785,0.8242510378145268,-5.209700306858467,1.1137797740085869
151,500,-0.35175969122751544,0.9207550010712063,-6.582525165454927,1.1122411138691526
152,500,-0.31161556187729494,0.9501373011679495,-7.253347947699436,1.0980833668993222
153,500,-0.27495143839671715,0.8736150661410776,-4.132915685310199,1.2585929932348543
154,500,-0.2810624978382515,0.9828132569610731,-6.718539231293303,1.1534933158379792
155,500,-0.30784463955157115,0.9354629846118374,-6.6838566283515615,1.2162366426594957
156,500,-0.3042617937159756,0.8846398475696262,-6.281578776037827,1.2141339044296566
157,500,-0.3576434701663765,0.9814341816977386,-7.104161722619432,1.0988516922096756
158,500,-0.28393581736502777,0.819823146873238,-4.462257406568257,1.0353479527999436
159,500,-0.25567890078285366,0.8814147040032202,-6.230802668289233,1.2423083706649267
160,500,-0.2501945213370066,0.8158136976775506,-6.334048824167643,1.3016316811565205
161,500,-0.3134149110744952,0.881395354212563,-5.488782068248648,1.0448264835504528
162,500,-0.239587814550799,0.8907291619020622,-8.389203150396217,1.3239073185265984
163,500,-0.3504603511036608,0.9895785534060164,-7.871931321289409,1.2331435739681367
164,500,-0.2867952906612701,0.8710495671313186,-4.051389855160145,1.0758504354333742
165,500,-0.292503974632455,0.8485094682350621,-5.352165120942049,1.2177754664160931
166,500,-0.28735750739241844,0.8821830681999999,-5.971064061478982,1.2902884333618747
167,500,-0.299505093379007,0.8210292766203839,-4.556633830635319,1.084684870428026
168,500,-0.2552099070556013,0.8610648797244904,-5.679682208957054,1.114356519946462
169,500,-0.3004959022543145,0.8605845854256332,-4.789075030706053,1.3332892777528493
170,500,-0.3161798889870316,0.8747794010554757,-4.820380923712112,1.1249310857103525
171,500,-0.20356582804780213,0.8108799857245906,-5.1211031701945595,1.1765185549387112
172,500,-0.3068841319214903,0.882069305771418,-4.661772486917981,1.3776147548302644
173,500,-0.32657328214502196,0.933237393081709,-9.10938133646205,1.2247868277912652
174,500,-0.2460705774821291,0.8175837013908261,-4.463650502931993,1.07250390797072
175,500,-0.3026330925519261,0.8118193440488176,-4.854034340774521,1.1806432051688236
176,500,-0.2445264271254997,0.8029554788080925,-4.5346598570986565,1.1300815511854254
177,500,-0.26487094328514077,0.8407950782443053,-6.415546653601827,1.1285559367752762
178,500,-0.3074802272060089,0.957767672588863,-7.341868462091469,1.1878627696128528
179,500,-0.25313994144207885,0.9174377638769733,-5.859252631413382,1.2242684093576792
180,500,-0.30080765439915436,0.9132674382219371,-7.713095559250708,1.2452631317127252
181,500,-0.2815823760139349,0.7851697557086222,-4.62426706465868,1.1553078859498238
182,500,-0.27530593548091825,0.8765936389306705,-5.003205132219373,1.1394912425113675
183,500,-0.23095758534705338,0.7589190471745475,-4.070953766528118,1.1789005844903813
184,500,-0.2994043872962685,0.8307935028220192,-4.591996459985893,1.0984893547148669
185,500,-0.2513579062035756,0.8605671003995594,-5.977914200147476,1.109696132172145
186,500,-0.2713902762697907,0.8501355857248877,-5.193155061800945,1.113018974832789
187,500,-0.21081322777602418,0.8095230098761638,-4.778122108296954,1.1174179563103324
188,500,-0.22267707150009894,0.8288119390550099,-5.434524032995525,1.134946191886021
189,500,-0.22778667898082783,0.7634856556506054,-5.362415490894559,1.1232174771078978
190,500,-0.24224407380181118,0.855805481403069,-5.937729312178279,1.0557662809950012
191,500,-0.22806720115882378,0.7724919119495129,-5.240646756707973,1.2157592975576534
192,500,-0.23285893880153719,0.8970522118200239,-4.504238262416461,1.1372601434915837
193,500,-0.24551739437798414,0.7933821404910365,-4.608582357865638,1.1008815339686113
194,500,-0.25029299243716135,0.7678809181513061,-4.3176895007924125,1.1873539097415378
195,500,-0.27657989814856615,0.8549942918205325,-6.1093458580830005,1.1422510527845373
196,500,-0.37980045124021466,1.024080993895899,-6.693649787828254,1.0717089397283186
197,500,-0.20765098018687245,0.7963347786923978,-5.09440159002871,1.220987866802013
198,500,-0.1952516358100396,0.7754177277958539,-5.2323325147939705,1.188128489670548
199,500,-0.27569394513330964,0.8280172386329296,-4.665590745656931,1.1091532833850855
200,500,-0.2724996838815589,0.7978059871863162,-4.477120128341257,1.1087395723243552
201,500,-0.25280515478490395,0.8715078409934847,-5.377239066550654,1.1908506340424545
202,500,-0.31333602894718177,0.8745276099821252,-5.072110762460892,1.1151133867593646
203,500,-0.26788919707889286,0.8340123943811752,-5.000594588557086,1.303775570236525
204,500,-0.3027550501493876,0.8324835554732462,-4.540355618611157,1.122006055965816
205,500,-0.26331995603963354,0.8219972840183244,-4.239806365305601,1.385522105204795
206,500,-0.28668479615284864,0.9368297609646821,-7.05774803248782,1.3323500206333696
207,500,-0.2637779648952202,0.8895163107790349,-5.163794727889602,1.2668555752750235
208,500,-0.30410684832894685,0.8821708639464888,-5.340559105090197,1.2011189533256597
209,500,-0.21190349849328047,0.8134998623910409,-6.4296949565735275,1.2831832900834994
210,500,-0.17627748589272144,0.7520242065768955,-3.785523806545006,1.2394557408443898
211,500,-0.23130357106943158,0.8580006129255553,-4.564835502640629,1.2170167103336678
212,500,-0.28786021757827096,0.8477465614848466,-5.633953120285282,1.143095191026425
213,500,-0.3169849595849243,0.8584611324189056,-5.574858911460808,0.9888672164731546
214,500,-0.3059786101703878,0.7954166902575058,-4.808816615856154,1.1206809986661153
215,500,-0.3405188718191142,0.898029531274239,-6.179765801526598,1.1716078726140897
216,500,-0.22431587389228913,0.7992174378869381,-4.921877334915882,1.1541579483175401
217,500,-0.3038355742938048,0.8834248304570644,-4.826426047415194,1.1926679884114584
218,500,-0.250387919991657,0.8158589629563651,-3.7946921660398467,1.1697463870284428
219,500,-0.2964424795981591,0.8995594403243204,-6.454647513786976,1.2064349563367573
220,500,-0.23585167328598652,0.8647514536488634,-6.049661668146099,1.1614312460947251
221,500,-0.25207399097109967,0.876338412176573,-4.541321468783228,1.1951551558627251
222,500,-0.2628210720985951,0.8019708615594366,-5.136479408743792,1.152965923782347
223,500,-0.265005591846703,0.8443969325589151,-3.9715807716367566,1.2475657606565351
224,500,-0.26848301801928476,0.8769823456932967,-4.452662301629411,1.2439694451274415
225,500,-0.1956265092632643,0.7938312012326455,-4.29921744854023,1.2240539400263972
226,500,-0.24820206417067708,0.8284246566286645,-5.848396745208286,1.3247512247439555
227,500,-0.23876248997584498,0.8243691071574609,-5.195983712152889,1.2664374597733503
228,500,-0.1857542450396831,0.7826148808714349,-5.104301731755306,1.1557511239709823
229,500,-0.22211198179285657,0.847517495328684,-5.846884080298848,1.0918395617840826
230,500,-0.27238352674692135,0.8504979772989336,-4.871173581656327,1.3446239622412894
231,500,-0.26407220680052057,0.8660943378877329,-5.956578923335807,1.224159236655591
232,500,-0.3142987006335826,0.9147856456710948,-4.57913691536788,1.2705610426923648
233,500,-0.22775017896018127,0.7964209977322786,-4.879937684803634,1.2044733861880441
234,500,-0.20157917626216845,0.8759672882692993,-6.010776020928716,1.130287338149158
235,500,-0.29550325372016045,0.841879526997103,-4.564828145016962,1.2335406460912453
236,500,-0.3099894187362244,0.8811911707849877,-4.90419037620991,1.304575527866947
237,500,-0.34404701021609746,0.9363544348526839,-6.721664868909261,1.1981643196169565
238,500,-0.2964843109325709,0.8234423099896782,-4.894671001572694,1.094145114709662
239,500,-0.26141020940717125,0.8120641939310884,-4.025299593678514,1.1574380299436626
240,500,-0.27129103009674177,0.9001430669190617,-5.141273708345638,1.2934427109521311
241,500,-0.271547716450773,0.8519002619720372,-4.920414219406803,1.1849841328461832
242,500,-0.2933650800833263,0.9020288343878194,-7.21064546245349,1.2420033959062247
243,500,-0.2594253931148416,0.8511362440811325,-5.573480317766212,1.0270917093688483
244,500,-0.2940343258853048,0.8912615359330811,-5.777637159725444,1.1731450589686212
245,500,-0.300188393076146,0.9604028473623694,-5.3612078114439345,1.1561571844172973
246,500,-0.26827410325818357,0.8366141651474152,-5.50619259826814,1.1583314769013844
247,500,-0.31964295847502683,0.9010820159329354,-6.227973647332905,1.3605991579435983
248,500,-0.31651823711950977,0.8128513178632896,-4.848001215879325,1.0434208702088046
249,500,-0.3254967717415376,0.987376314111101,-7.565132724126357,1.1987910623100158
250,500,-0.24712333304512105,0.8513388315025986,-4.260113951909224,1.185630782856734
251,500,-0.25451710867691424,0.8598126963450684,-5.847964268615283,1.1601742516522418
252,500,-0.24816440199558598,0.8184599281285414,-5.384849899601197,1.2104347518120702
253,500,-0.29023072603766026,0.7893811363407501,-3.6054138623215346,1.180302883527607
254,500,-0.3194979362988112,0.8935204773629065,-5.496627357628856,1.1659180440415475
255,500,-0.2539989482951078,0.8340284207745184,-4.27599564124415,1.347462486328843
256,500,-0.2731375453321758,0.8869224029651291,-4.560072465051763,1.2638632820254927
257,500,-0.3423806733310718,0.9461210367424345,-4.60886302336065,1.0996254286584324
258,500,-0.285668110344138,0.8185935273366628,-5.673458931150707,1.170729563305914
259,500,-0.2556994876063344,0.8676846211193178,-4.942817945313326,1.3270022693004782
260,500,-0.251993611824857,0.8036027028171607,-6.19558221396884,1.118527632740655
261,500,-0.24410249444449367,0.8667333883001206,-6.0421138654146445,1.189184495637749
262,500,-0.1760699575832461,0.8237391524910335,-6.558967060480546,1.3077750054654935
263,500,-0.19914271068664238,0.8045675632758958,-4.7911917722769655,1.251753828733372
264,500,-0.31394779989199173,0.9398967525032996,-4.745156659109522,1.3164977885519802
265,500,-0.2769680401007191,0.8651121041568831,-6.2284585326222714,1.1743703614693044
266,500,-0.24351217259472788,0.8167099564729244,-4.939783428542748,1.3026852239650006
267,500,-0.23064697387289396,0.9384889115734343,-5.8069737847648115,1.4021867602267009
268,500,-0.2797571372882529,0.8786454069164292,-5.608968033432193,1.0891832194467446
269,500,-0.2602827550830669,0.7976578396710646,-3.679099164979653,1.5199589285621673
270,500,-0.2341245622398621,0.924163685507376,-5.772995698895119,1.2711054620367226
271,500,-0.34869053978190456,0.9750357418960671,-4.969769029160862,1.0769780940440028
272,500,-0.24310300047178582,0.84291780380628,-4.832915057713191,1.2894705857085227
273,500,-0.2303690992874617,0.8120431364951581,-3.819953554457302,1.2825853491170354
274,500,-0.34833725627104284,0.95310904497089,-5.609484641475847,1.2065182093078317
275,500,-0.260322309521169,0.9065407479965772,-4.975713369921889,1.1548272666337351
276,500,-0.2479486443766504,0.8303180507498179,-4.2423563574853915,1.3019386653895078
277,500,-0.2986392034222058,0.972682923801483,-5.157376897496658,1.200792041963349
278,500,-0.29706173937722236,0.9235721668291874,-6.024044748352063,1.0895728234263848
279,500,-0.3034630348579344,0.9872964006603128,-7.220521980869914,1.08286310668482
280,500,-0.22747675001544485,0.9146194500989798,-5.394748670667268,1.3498479460605537
281,500,-0.19391233775645889,0.8001715042556538,-5.4508878488870325,1.239476420210166
282,500,-0.24265213301412752,0.8874195945527454,-4.801461136785508,1.3744770718093007
283,500,-0.3007783540106102,0.9161299546719243,-4.541634841363817,1.1593321689950717
284,500,-0.1908962628847416,0.920935985372705,-5.337814076785638,1.3152237143233376
285,500,-0.21447826741118572,0.8479133354836373,-4.889966962507563,1.2815857769713874
286,500,-0.2323943470177014,0.8600238773142705,-6.673824590546451,1.3391210319948554
287,500,-0.2405814750983778,0.9114531112280043,-5.798121694288336,1.4006091790853774
288,500,-0.28951616063457836,0.993158305514655,-4.780133326838607,1.360700751870731
289,500,-0.24355865546943642,0.9300249865945467,-5.381195153569868,1.2913621553886623
290,500,-0.19559840864818198,0.846025110704476,-4.84408784130771,1.2499658499923085
291,500,-0.29544404976457556,0.9242499738401484,-7.573932038299266,1.1278940965610396
292,500,-0.23251815124176767,0.9164789637858576,-5.694496598886897,1.4626404632805674
293,500,-0.23794688484795473,0.9406181415786913,-5.3461932302911865,1.286761590152153
294,500,-0.19193330584319865,0.8560149492308771,-4.234856602226024,1.292860430997387
295,500,-0.25686465248719415,0.9315692383454294,-5.597270305797336,1.189761936931501
296,500,-0.21081660262657503,0.9314690028353206,-6.467670744849056,1.1563118855339307
297,500,-0.27168687603759534,0.9773291331631512,-7.056161841215396,1.2589660942401792
298,500,-0.2994130538767132,1.0513565768995938,-5.201557764122368,1.255582401860805
299,500,-0.23521845815982767,0.9576241450081234,-5.967594577700373,1.2622136200385417
300,500,-0.19368179017010778,0.8735680300863901,-6.126796564918075,1.2595556429310055
301,500,-0.2592116165001642,1.0094895423485322,-7.304892971537418,1.177874270670126
302,500,-0.20789690845585596,0.928168339321472,-6.091657737987612,1.285646658752357
303,500,-0.21808908398174362,0.899836650214628,-5.02374082608781,1.221761937733009
304,500,-0.1778236313299948,0.86320101313602,-5.740203297042291,1.1708435601071625
305,500,-0.1852186989034649,0.8925345321605762,-5.764607263893156,1.22080102064464
306,500,-0.23612456598010087,0.8996495066632819,-5.005670702226951,1.2452071983163395
307,500,-0.22302451235175488,0.9514240067913649,-5.568918366070575,1.3184787217553595
308,500,-0.20700237422840473,0.9231128060946737,-6.4683381838844864,1.2048228042987879
309,500,-0.2731645491961473,1.0325594381031808,-5.144174371882631,1.3842211035823713
310,500,-0.32176665140195077,1.004964030030677,-4.854773443713208,1.3157902179391567
311,500,-0.26779964295841513,1.0509618432886236,-5.900877662140808,1.2727424322799163
312,500,-0.2173420051561579,0.8636268822773183,-6.072733658962507,1.3004785246102477
313,500,-0.20821313733058375,0.976158171512723,-5.005522739016824,1.4325073246920075
314,500,-0.23961497973820867,0.905451062115444,-5.7654109384212715,1.379757209148619
315,500,-0.2366962583567186,0.9927466167198573,-7.150799817281249,1.2431340213959736
316,500,-0.17336855680030908,0.9071277939161994,-5.6371062770283595,1.3240378872926875
317,500,-0.2879097434753451,1.0004461086822916,-5.700635014527984,1.2052521653980637
318,500,-0.16399715954040883,0.8773472441882527,-4.041996858539627,1.2221663086756553
319,500,-0.2762109127496442,1.0698880992562747,-6.1777984675873,1.414135110115719
320,500,-0.21938124756712243,0.905310550174914,-6.0634905346938845,1.2300711505914472
321,500,-0.2626764959352967,0.9614160095483578,-5.142903830545354,1.3410406412928064
322,500,-0.24858475363930815,1.045026697146169,-7.130671855196711,1.1213222975462336
323,500,-0.23963549782058322,0.9214950054398526,-5.392592471865915,1.5341355532359522
324,500,-0.25642114057570653,0.9661614997484039,-5.027231483154042,1.1496251561743063
325,500,-0.1923032563787434,0.9076523880545141,-5.578468200298182,1.3290722572728149
326,500,-0.20935489746398078,0.957927865151995,-5.530900708406472,1.183254814687983
327,500,-0.2295112344605618,1.024733090908258,-6.858443223078528,1.4524139709026063
328,500,-0.286422836121372,1.0000755311812015,-6.066881011543275,1.3866486178651594
329,500,-0.2515245320958614,1.00198177318549,-5.750745904897733,1.2391751633841832
330,500,-0.19669416855705765,0.8878806711784635,-5.021151264450222,1.2470516474026536
331,500,-0.243642400912371,1.0082924902907076,-6.544353979594722,1.3787552631093833
332,500,-0.1942590409361434,0.9710556130926672,-6.110095551909502,1.2114709246094442
333,500,-0.21604959795636813,0.9645795271992603,-6.022971831947233,1.3232449436072158
334,500,-0.2088520796224664,0.8860981526095193,-4.922068119189747,1.279729154796199
335,500,-0.203675275054275,0.9638678111956018,-5.486922153482187,1.2414210780725574
336,500,-0.22504887885834304,0.9425978094133827,-4.8530446059057315,1.393734064296495
337,500,-0.1897503758328077,0.860871067570998,-4.856816332933007,1.1757353763488836
338,500,-0.20068851241450533,0.9400394351844661,-5.613197664309487,1.2331428990009194
339,500,-0.24578239071651695,1.0466938769450658,-5.826827003835849,1.2974164133700907
340,500,-0.22215346677435263,0.9275410840635842,-5.1904308725900155,1.3703505972479502
341,500,-0.2139363979064111,0.9566182933602878,-7.0633351889926885,1.1193878392714547
342,500,-0.24805952536247702,0.9970927302184395,-6.313886300147608,1.2528307349457388
343,500,-0.16618539619708692,0.889967069500966,-3.8791960123892935,1.2089394935198814
344,500,-0.2012346248447519,0.9360004674470839,-5.106960704598434,1.253593385380289
345,500,-0.289239573081509,1.041481611879481,-5.505089700568901,1.1990894488915163
346,500,-0.3243793774714949,1.0751313061672554,-6.4575363892437165,1.3331389196827899
347,500,-0.28153943730201203,0.9500302053489049,-5.971523738815105,1.1003222136570792
348,500,-0.21139706389990964,0.9219893384806785,-5.314814997966584,1.2352317185147048
349,500,-0.2414782222925,0.965659010883007,-5.050406003296641,1.1665284850539819
350,500,-0.2351567396752697,0.9361813840078901,-5.085390147359902,1.3199529398786136
351,500,-0.2623458346943129,0.9776296179031717,-5.152430602119766,1.3582396128847951
352,500,-0.3250343122279087,1.037395307807881,-5.6193032678442165,1.1504050807005624
353,500,-0.1752164708000987,0.9098397381130027,-5.59057980312709,1.2828166065451816
354,500,-0.23617694914661042,0.9834610351699787,-7.48123416142912,1.079340553693506
355,500,-0.24585002449331733,0.9255965315548426,-5.763395160261846,1.1800909004886466
356,500,-0.2292043809167177,0.9531063217249905,-6.633697730378387,1.375556973924883
357,500,-0.23695445632109433,0.9028659265277559,-5.605913127324259,1.162600245715203
358,500,-0.2633599159739369,0.9838122944083377,-5.332339691657562,1.2369167039146067
359,500,-0.2164965360563226,0.9444913194622269,-5.3097427282656025,1.185343440350973
360,500,-0.2617355509782226,1.0068593800300392,-5.827069894575639,1.1582482848984261
361,500,-0.28963320855349245,1.0614542150068103,-6.518764848905812,1.3675377853693944
362,500,-0.1658604955224825,0.8725790262102567,-4.303310331362161,1.3313991059437789
363,500,-0.25533335854801487,0.965134405681015,-6.226289092043276,1.3982881943417986
364,500,-0.206636356726413,1.0582442479841367,-6.533993827629608,1.377375586656477
365,500,-0.21076097130120694,0.9472630671551702,-5.54610381672784,1.2288483540329824
366,500,-0.16466853149948485,0.9125461443491186,-5.386758836436011,1.1771308009184256
367,500,-0.21639443124438237,0.9018073155275121,-5.979860685008262,1.3534116192200123
368,500,-0.22127915751654484,0.8565580504667036,-4.803979117498518,1.269519705497673
369,500,-0.2560028715023025,1.0410303664633456,-6.265760535566938,1.158403534547583
370,500,-0.27776130605612975,1.0005260288861633,-6.1464346094180655,1.2910572158502782
371,500,-0.24744249601702797,0.9382370874462277,-5.791756122503971,1.1588808533891715
372,500,-0.16469921704612034,0.9356991785971533,-5.543347281369403,1.2646846379300087
373,500,-0.3249875242356924,0.9533357374655869,-6.272981782798811,1.1075214825794062
374,500,-0.24681474242024334,0.9749776891065597,-5.324317480217298,1.211377829071838
375,500,-0.2653253022185237,0.9493483917987807,-4.79292649613217,1.1380770730300818
376,500,-0.2444494267873519,1.027507123153243,-7.947711783464219,1.3283632406537313
377,500,-0.2421938257395697,0.9596249025630285,-6.213022857866677,1.1467720701997577
378,500,-0.23956753001100334,0.982161261851072,-5.445694571352986,1.2499617960323444
379,500,-0.22368773182261026,0.9860924942216248,-6.278634859212816,1.3501824867876895
380,500,-0.19695916771833868,0.88653844973117,-4.912854304337582,1.2110626867608234
381,500,-0.2846073572903296,0.995110432669755,-5.587014056627894,1.1373744419773204
382,500,-0.2691698281749107,1.0547708249476706,-7.379337403751902,1.3091601168910605
383,500,-0.23696078918218644,1.0394026299575148,-6.987783478443765,1.310651770998475
384,500,-0.18305161649951623,0.8751224423662325,-7.302395924102305,1.315891312730584
385,500,-0.2228105083633835,1.0505664923112468,-5.241621309622328,1.186948761428016
386,500,-0.2915227575160731,1.008687899293063,-5.59753140098741,1.3840513205031646
387,500,-0.15267355067484248,0.9654061330084811,-6.017211060345814,1.2493567543175976
388,500,-0.17024262862416173,0.9108218760320247,-4.572949362670404,1.3411472648781924
389,500,-0.18213549439621896,0.9356408591083146,-5.288932240808602,1.3789576774015502
390,500,-0.2727246925171536,0.8905649211809573,-5.971744929376227,1.157831258327971
391,500,-0.29659753026690394,1.0356979047968462,-6.297849004760295,1.1731015887865788
392,500,-0.22025519297963986,0.9905788467474622,-5.8948153160113295,1.3511891410966173
393,500,-0.2512114972075284,0.9883369567320148,-5.98625145408327,1.2982491550673365
394,500,-0.19858179144034235,0.8812831887287262,-5.733509841443125,1.2438433926334378
395,500,-0.16350962984324655,0.8407773271282845,-4.76267816272884,1.2090703109672618
396,500,-0.18218125607784877,0.8694857372631802,-4.450171344450173,1.201413509894121
397,500,-0.28726931355322927,0.9876341716728367,-5.813449170711669,1.249419798392919
398,500,-0.24565671615993329,0.9862439705163119,-4.460241295372587,1.2613594801194636
399,500,-0.18952369114496878,0.8940257392263041,-5.079740257860606,1.3767785992750128
400,500,-0.1690656757175792,0.9025925358901046,-4.720748887497086,1.3552583563767038
401,500,-0.23108989387706522,0.936008456849961,-4.880451743039751,1.5012782528524355
402,500,-0.20049105837862868,0.9451776047961084,-5.631122800289471,1.3408813896697638
403,500,-0.2544120110391208,1.0171366369292336,-5.616755436828589,1.3003052778780533
404,500,-0.18091963033573508,0.8762067703541977,-5.660775802847707,1.1673061623507535
405,500,-0.17479813634677033,0.8501615135970636,-4.250739969635563,1.2367054491588667
406,500,-0.20666588214327644,0.9476034691476524,-5.935602374064528,1.202511065159067
407,500,-0.23344249875492226,0.9340597425568168,-5.1783811331151615,1.2981355876196323
408,500,-0.10013269634317629,0.7230256202084072,-6.313814942096328,1.2847065493603402
409,500,-0.19130204087099237,0.9965480572225693,-5.38086947511421,1.3106361041820387
410,500,-0.211397480947252,0.9571578406744303,-4.645724817449322,1.3320357491782087
411,500,-0.2535111394784621,1.0332495194054123,-6.313521692388722,1.1300720345616377
412,500,-0.23993883025286664,0.975812988676788,-5.266252812680898,1.1904190704783366
413,500,-0.27175263449070347,0.9817489763204371,-5.490474148546388,1.3170513013497032
414,500,-0.3063185309211621,0.9364547323182536,-4.719060917905822,1.2808922667721057
415,500,-0.20758487628620412,0.872349725399188,-4.956807212338207,1.3424715697198815
416,500,-0.2490682125559543,0.949730597677723,-6.448835355906532,1.1746999722325557
417,500,-0.2422426661254879,0.9833170762141975,-5.888586062831537,1.3176886142422803
418,500,-0.22768753022930882,1.0009511157870932,-5.427914078100523,1.1809136234666133
419,500,-0.25596799631577194,1.0857665545069701,-6.099573318285495,1.269315719007314
420,500,-0.27453517393519977,1.0686849099829807,-6.0275782413315735,1.2895535613247415
421,500,-0.24479087066176658,0.954926496203334,-5.871339189127281,1.2743655467724941
422,500,-0.26416697016217033,0.9855327856882139,-5.119942400381179,1.2114136946251812
423,500,-0.27026770137381034,0.9791812965592229,-4.616320552278528,1.2103256148790795
424,500,-0.16013733874498343,0.8695456965598082,-5.450671221449012,1.3546990134729322
425,500,-0.2437945812327339,0.9992171350559534,-5.961826872044932,1.2840914082167667
426,500,-0.19907039741453603,0.9757726740875877,-4.888596680828162,1.310024224248541
427,500,-0.22595329778747175,0.9159721355420412,-5.812135289472241,1.3337555077852181
428,500,-0.20900444578303756,0.9865495032590957,-4.976706095044242,1.3410568517269046
429,500,-0.2143929562209709,0.8738039355566648,-4.76278494445268,1.2145287664210014
430,500,-0.16511627019911781,0.9359393710002437,-5.472150452958035,1.2893403820220561
431,500,-0.18889160208408345,0.9223798374349612,-6.299175602322352,1.3377578387054616
432,500,-0.1476431519167567,0.9081187587454058,-5.852196030001034,1.3551710553923244
433,500,-0.26139899295282043,1.0338836990856846,-6.062907814144926,1.2579688458524187
434,500,-0.2772856913572087,1.0111931067757698,-6.037499425310335,1.3636190670129529
435,500,-0.2601421425454756,0.9340944325759519,-4.330361110598718,1.4646573700539554
436,500,-0.2875855557035275,1.0851918690062676,-6.947973921414665,1.3414326918367805
437,500,-0.18540875118970068,0.9704204299739884,-6.437412919429379,1.3254130592376405
438,500,-0.18390381574693906,0.9621225241581042,-5.9669375822045465,1.1218795274463846
439,500,-0.20549968201569657,0.8697910192530521,-4.220461002822694,1.2913918989975663
440,500,-0.20059190109452993,0.9222051478537548,-5.27903404131413,1.2879094553290684
441,500,-0.2798504436257513,0.936369405895749,-4.914899987054811,1.126110764792937
442,500,-0.17620069838124808,0.9223295551477285,-5.626651765607663,1.3680905544782656
443,500,-0.22306918423056837,0.9456459259662655,-5.212608333277429,1.192949943368658
444,500,-0.2555916341945017,1.0299044260843417,-5.78279092305435,1.2750613111934581
445,500,-0.24647934826558895,0.9926995555854423,-4.855526816551797,1.24179688340896
446,500,-0.1769790392519025,0.9184637501397975,-5.247907474625542,1.294295267360854
447,500,-0.28511513710724884,1.0844290906622793,-5.275290857533527,1.2877026830737297
448,500,-0.18723137937488143,0.8960957437425573,-4.921832143370171,1.2069726543326504
449,500,-0.17900315116659377,0.8740567245791337,-4.736020578800072,1.2645002257669924
450,500,-0.1886302830781943,0.8297741126171531,-5.065876760314692,1.358321443854995
451,500,-0.24055763809275527,0.9536821562297478,-4.8594013842009485,1.2416688998944825
452,500,-0.212776889282632,0.9937631884273865,-7.5531255476317956,1.261556625392788
453,500,-0.21725975748524434,0.9392981231535793,-5.7819973080885365,1.3637933991840416
454,500,-0.23902738020490372,0.9997886101938716,-5.515910258070446,1.408788421618907
455,500,-0.2401958584569049,0.9766221147457045,-5.756140139188664,1.3443404819452622
456,500,-0.28252155352456154,1.0228039835450862,-5.391701465391624,1.2610660893040364
457,500,-0.23707253405084225,1.0124649972537694,-5.937336028209768,1.339335890504686
458,500,-0.25414133235139996,1.0485881904677283,-6.608465372852772,1.2698207470388108
459,500,-0.24243865160137312,0.8521565870622929,-4.608985025129973,1.2511824823683981
460,500,-0.17250787801276865,0.8550255011215292,-4.235183761021882,1.2789790637612377
461,500,-0.23269889613098274,0.9567173938609722,-5.413696992086196,1.1881097017925581
462,500,-0.20107412568702834,0.8509696680659182,-5.195090654918734,1.3712062133415333
463,500,-0.1887895631306133,0.9027742719169964,-5.136820971177162,1.245755274445425
464,500,-0.21430970726509468,0.9679233927361739,-5.491189631032497,1.270084523075223
465,500,-0.21507705345562989,0.9839237032756584,-5.821716713458087,1.3906041651162115
466,500,-0.23422384527580226,1.040796335793355,-5.4000016742144785,1.169731227253528
467,500,-0.12317210459575953,0.7874534550132263,-4.302905153383302,1.2396178368793322
468,500,-0.2391768306312765,1.009295828637086,-6.821580850499099,1.1611814982450521
469,500,-0.19740790284612428,1.0003690942817598,-5.756131137368821,1.1964987189887626
470,500,-0.18724946819028507,0.8686502944863851,-4.642208568797607,1.2544266143694585
471,500,-0.2172467244876258,0.9240879103923697,-5.393173377989932,1.2657578942868177
472,500,-0.22739282605794928,0.9612789715638161,-6.998338553125366,1.2525770081063778
473,500,-0.17983578721411494,0.9485066348223172,-7.927597312759519,1.1531240830349632
474,500,-0.21836997904389693,0.9339584133970084,-5.725197131182724,1.4066557777371425
475,500,-0.12700548530732728,0.845824795320225,-6.395613782087546,1.13484147805381
476,500,-0.2170444430270234,0.9501993300559668,-5.779942064271852,1.3048672822253442
477,500,-0.17159049007853025,0.8467781323044846,-4.476494622551568,1.2488650742743643
478,500,-0.18643949105022947,0.8484631428359501,-4.6484259533526044,1.192163994404877
479,500,-0.17896912673410206,0.8932872761990571,-4.652009006378641,1.2661123930398936
480,500,-0.25727478748062843,0.9906762016092885,-6.224330638921428,1.2414559221765622
481,500,-0.23617136802594646,0.9720387127796793,-6.161127707803102,1.0951143741602676
482,500,-0.22108142002893386,0.8837244493977373,-4.944173743780018,1.3475104843340653
483,500,-0.14658048728963285,0.9129545804834874,-4.981993763139557,1.3332106903302685
484,500,-0.16988799002417893,0.8104312633829442,-3.7963006485505963,1.0820310827890296
485,500,-0.1752173096406113,0.9027414485325711,-4.134945739555812,1.3116586618836519
486,500,-0.2370737862925637,1.087834053466924,-8.616159069449779,1.4869522436305742
487,500,-0.2358303030180792,1.0049493620144068,-6.343951243530695,1.204408172335559
488,500,-0.264714657079998,1.0300516542631473,-5.2410635260980385,1.2377241499987464
489,500,-0.2623487156983311,1.0083606340934101,-6.4266731984059575,1.1991190091315311
490,500,-0.17158417930560263,0.9193257816682898,-6.250392814491102,1.4389143804068476
491,500,-0.15729378387801884,0.9324346049174776,-5.765924626993972,1.2584866139024382
492,500,-0.21393828384811622,0.8561091633268921,-5.065425950507115,1.1251141896256442
493,500,-0.21006094264019978,0.9260913356547338,-5.424290772025342,1.2010705722920345
494,500,-0.19442523209618431,0.9102143795975812,-4.741216056430511,1.2364211740029847
495,500,-0.2216090051674574,0.937627424867775,-5.603553690625552,1.3124640598028143
496,500,-0.24845437660091887,1.0125355660160853,-6.619941847227049,1.3191332686197417
497,500,-0.17998135884285615,0.908280013782435,-5.3779285237143295,1.2877833529476859
498,500,-0.26728870754921935,0.9272652162083097,-4.80001913482708,1.3411410645907162
499,500,-0.21554339298441372,0.9045221145285586,-5.360873312385232,1.3479780916073825
500,500,-0.2248566878868284,1.0337506634219742,-6.606541626343119,1.2624512367465293
501,500,-0.2810846719302442,1.014456689940099,-6.552967580222912,1.3383987162259867
502,500,-0.22259349259538067,1.0399654347575131,-5.363568621306959,1.3427729333177394
503,500,-0.20945323786511633,0.8936805389338225,-4.062914703498231,1.2782564459549441
504,500,-0.22096670990550207,0.9278215263585949,-8.089553160791555,1.1923937089276222
505,500,-0.22873742764372654,1.0226517981227834,-6.719310268239805,1.2607866884608947
506,500,-0.19444447263854822,0.9928728537145717,-5.167381992777072,1.271224652533335
507,500,-0.20682726030480342,0.9560554342623409,-4.6710164912370535,1.408010005129801
508,500,-0.2154361322678683,1.0056399284621436,-4.882243382309608,1.3083903596305473
509,500,-0.1432645201968691,0.8159179587270092,-5.157371151350602,1.2974054771810677
510,500,-0.20281105339076508,0.906661296558248,-4.33074221074828,1.2220617875701583
511,500,-0.23633288612603826,0.95249840136089,-7.169867801056893,1.4226116723702407
512,500,-0.17896867088269425,0.9928512382137533,-6.741607925788817,1.2734656787599996
513,500,-0.26485274657627317,0.9746545509401107,-5.567112305527293,1.2515653704182514
514,500,-0.26214502957573843,1.0221977518022947,-4.697175124616805,1.303706065746351
515,500,-0.26215030485359625,1.0249031107859252,-6.321350039299851,1.2796950839580834
516,500,-0.2089300021425256,0.9290874338426022,-7.093578433888652,1.193279542410898
517,500,-0.2156512168585446,0.9654081442022786,-6.837835612149194,1.301704860623786
518,500,-0.21942531809980736,0.9105220516513594,-4.873076214805841,1.342185994896011
519,500,-0.23171897317994875,0.9152158578075266,-4.0699074424323385,1.2985532607788786
520,500,-0.18196459875348853,0.9174454983829727,-6.684053071001349,1.1632892466651243
521,500,-0.2474500354742425,0.9673302969934418,-6.143290358670906,1.2718696781140513
522,500,-0.17220510175569045,0.8569711041014993,-5.340031049936982,1.2507145815012948
523,500,-0.28929671197888773,0.9741911578954862,-7.113176505931077,1.3775453277327936
524,500,-0.2631308588362531,1.0061036476678697,-5.679560304227108,1.3823320038033562
525,500,-0.2459759418944028,0.9699506937653546,-6.514779643134405,1.5229177046368738
526,500,-0.13848402720844824,0.8376835096546221,-4.845266038813793,1.4115589701231457
527,500,-0.29165350635938925,0.9692161784526072,-4.832844129957417,1.172833232566273
528,500,-0.18466310738886568,0.9284523634878094,-4.592686385024554,1.239537289171284
529,500,-0.2579901304204307,0.9386952117738694,-5.749080020834677,1.1755610444510467
530,500,-0.2547717978569696,0.9219004777021489,-5.148696586531028,1.2148200962493028
531,500,-0.21896260665286185,0.9409437775131745,-5.319831462231281,1.2430273543849721
532,500,-0.24428825239893814,0.9267245207057003,-5.2267491849042695,1.3090124825605383
533,500,-0.26214325800053584,0.955442116768725,-5.32892712000882,1.4800690820036384
534,500,-0.17587917350300056,0.8581476275819403,-5.110921492322837,1.1909620442094169
535,500,-0.19977853160289974,0.9698507317206261,-6.031477232817208,1.2433138649204938
536,500,-0.1683616315998838,0.970978510787016,-7.295365025912732,1.2629677757355617
537,500,-0.22151759194486584,0.9882070128123617,-5.7931402866119095,1.2285039572566938
538,500,-0.1746876069959325,0.9348673074867614,-5.516249532673865,1.333543145120833
539,500,-0.28859812327068224,1.0848143642370576,-6.754250912995009,1.3139893975388957
540,500,-0.19323736890921347,0.8993106886848852,-5.430450765216568,1.3158715053201313
541,500,-0.25795927232136706,0.9459468290520702,-5.514230731387414,1.3317582904803669
542,500,-0.19598590310121755,1.020835179948173,-5.281635269563454,1.3078972145089351
543,500,-0.20535534581609274,0.952092118758151,-6.26147366995489,1.2493583372236967
544,500,-0.1628727598492138,0.9494322276811015,-6.369929302243603,1.331789698972504
545,500,-0.23693366282726996,1.0674409059686836,-6.601985094419916,1.3259653855884423
546,500,-0.24469576182308223,0.9538827983822906,-5.974753173332244,1.4282748978722526
547,500,-0.16137675960323922,0.8001319360420146,-4.320145065710821,1.2456688160520921
548,500,-0.21775589454963035,0.9527771392283915,-6.9759171099837,1.2595473986928427
549,500,-0.21892136247555896,1.0586082896031557,-6.838150947075286,1.4530525964847127
550,500,-0.2767041913530678,1.0367981267147526,-5.156548394154422,1.4113823377035926
551,500,-0.17884742557586975,0.9231802312593017,-5.133622183779801,1.184308891800466
552,500,-0.18418030327998905,0.9167093607505812,-6.313409106744711,1.2768270806644741
553,500,-0.2392890953695038,0.9392673551464406,-6.015012220579415,1.3102587264649206
554,500,-0.2669068142694491,1.0395047684578598,-6.6668148613002245,1.2550331261673187
555,500,-0.22254789706098588,0.9225483079258123,-4.86112679305913,1.2594641866552396
556,500,-0.1951373732194141,0.8353614357525635,-4.591793348090885,1.2951983979724897
557,500,-0.21598233112740906,0.9295043867001774,-4.815203674710657,1.1365506818858657
558,500,-0.3068410942672285,0.9759543869373792,-5.560514671759213,1.379383469800505
559,500,-0.2153152969021762,0.9175098950441877,-4.608618074214444,1.3540090388489976
560,500,-0.24186598909162196,0.9665950529915379,-5.183715244873549,1.2149169642360562
561,500,-0.16417361964765045,0.9369926284795204,-5.565486418539789,1.2375460789653832
562,500,-0.19588052393445185,0.948865140686274,-7.727392611063301,1.4858669264452056
563,500,-0.18880912099557526,0.887949286599684,-4.208976902488359,1.3922189145916426
564,500,-0.23947408788058358,0.8755671733804358,-5.034298656527598,1.1402605082354638
565,500,-0.249625412390732,0.9920103657587338,-5.71148855244651,1.14929102894621
566,500,-0.2420643935965049,1.0005902885632834,-5.653697060931688,1.2624584260619753
567,500,-0.20541813836836956,0.9558456924451905,-5.770826262421988,1.1749197718317028
568,500,-0.17275670316313932,1.0363744006312083,-5.8965202236723355,1.2788064725759003
569,500,-0.22875623408028722,0.9767431299699297,-6.6922256475820605,1.3387662677772252
570,500,-0.19508462800210974,0.913688233160944,-5.778368114611438,1.1645718214438874
571,500,-0.13913865562120634,0.8174351291058526,-3.9462811103983966,1.2892088583546946
572,500,-0.24468480199177384,0.9741719873533758,-5.2244450060372305,1.1828095286496096
573,500,-0.2541515849540922,0.9379816962872409,-4.572086549231119,1.1937546137802892
574,500,-0.1890000879293724,1.0082659729881989,-5.0885501901558055,1.3900496819031782
575,500,-0.19105188576804655,0.9162356095698859,-4.994512382189143,1.2396660690183658
576,500,-0.2325325606588064,1.0200481085540185,-6.1101094297499055,1.1395775833518738
577,500,-0.1864580442990575,0.9542420279098984,-5.923335860157311,1.2646039325413365
578,500,-0.23123530471169157,1.0072738905885192,-6.122348182761224,1.3310612166697133
579,500,-0.154442978037182,0.8643003971628279,-4.480513839063673,1.3178263509330368
580,500,-0.26745963437418324,1.0678107147975868,-6.007309229122162,1.4460443890771866
581,500,-0.20786921885137416,1.011476454507135,-6.146214417193665,1.2656239176407342
582,500,-0.31334238097773004,0.9441414024301512,-4.17821413044315,1.19013381782425
583,500,-0.13697854253784547,0.855005478189997,-4.663877034332874,1.2557852028525662
584,500,-0.20576489884880095,0.9333825721549622,-5.318045123288417,1.2216397032942967
585,500,-0.20346408223803056,1.0134145714106515,-6.108981606212452,1.346140928026195
586,500,-0.2423255567080664,0.9924089819359692,-5.514980233553315,1.22604179759132
587,500,-0.2394205686432521,0.958884518408773,-5.1021006790290215,1.2493615184096447
588,500,-0.2037945327373778,1.0142487509418174,-7.772515401728171,1.243965089370775
589,500,-0.24563854198574325,0.9147098424377395,-5.006916637812944,1.2017437045353438
590,500,-0.2536210031518017,0.9345697486964298,-5.916687422019591,1.3083561727934598
591,500,-0.2552436844841424,1.0265330167697213,-5.216232630982685,1.2240622173149196
592,500,-0.2720635693715253,0.9614757272146941,-4.834730447849431,1.2148070946932594
593,500,-0.25101505087114945,0.959703319567777,-5.217178428022156,1.2624534621384647
594,500,-0.262152302356919,1.0879376633182336,-5.203016971742202,1.339387272550805
595,500,-0.16727150462476326,0.8565556305494287,-4.843579433241883,1.3269507142709291
596,500,-0.1744202562046727,0.9077098622908328,-6.2834535120448285,1.2488968206369828
597,500,-0.24358117843149935,0.9920840856371228,-5.725619795908112,1.193125870496501
598,500,-0.18504786107650187,0.8834573518484646,-5.268656918479332,1.263674048833248
599,500,-0.18495313308728248,0.8744055172736483,-4.764736184825519,1.3365130885783159
600,500,-0.3035132748533398,1.1276112920794725,-6.287219226203819,1.1004592060696445
601,500,-0.20022518581749965,0.9884618891225816,-5.4671263676344655,1.3972583026668262
602,500,-0.24396057796827977,0.9896441434935459,-5.329178423465949,1.2539289977315533
603,500,-0.2290416522766881,0.9872848147387692,-5.300914906335328,1.2286290053843414
604,500,-0.23599400516578262,0.925680405920889,-4.788764696528954,1.243865174562973
605,500,-0.12445217227870602,0.8573105848270377,-5.491853693727659,1.070000967719483
606,500,-0.2250189588366389,1.0391348202241746,-5.778518774298418,1.2717844370930185
607,500,-0.19000039538885238,0.8507075015141644,-4.490424551333595,1.4467576241498659
608,500,-0.24290716346825428,0.8647557698355413,-4.240345349645613,1.1576980855101389
609,500,-0.20368433623021046,0.9476736369983686,-4.842571506690607,1.1867454679540428
610,500,-0.20900168655829113,0.9720129696485581,-5.719283872951413,1.2568807440343532
611,500,-0.22069086621541728,0.9358977832594398,-5.1348572402323125,1.2436410547817895
612,500,-0.20510081983959969,0.9373814600899322,-5.907527136572483,1.2645103266265232
613,500,-0.23736088342412268,0.8926515464357268,-3.9714260559650647,1.2362193629765268
614,500,-0.2721048817851961,0.9958198417546003,-6.294211918110197,1.263225584184591
615,500,-0.2592642087051794,0.9178097493522009,-5.797660112160111,1.2170860680495887
616,500,-0.2872701885102351,1.074137427017031,-6.140484204588106,1.294086729202358
617,500,-0.23817389001539926,1.0104366702127445,-6.81895845194776,1.379640430157958
618,500,-0.23824756175366543,0.9938101300799063,-6.908627156069663,1.285140477232277
619,500,-0.2631039747715178,0.9987667669433051,-8.306800293363255,1.2627839789189363
620,500,-0.2515740816509623,1.0087577119956204,-6.471622702094345,1.4240819754851122
621,500,-0.2034176433152197,0.8971902975634419,-5.644825045037932,1.4154858899519707
622,500,-0.30052734928738967,1.0117951903606912,-5.371007714758012,1.145033098322338
623,500,-0.2061203509959888,1.0024822335347139,-5.304711669930816,1.2090873141560532
624,500,-0.2083838823148588,0.9993755866624516,-5.568619667025498,1.231955514523185
625,500,-0.2512461730725967,1.0123591517533244,-4.616808856209755,1.3002450742163574
626,500,-0.19088812769131255,0.911379872236922,-5.721693687053489,1.341885820249979
627,500,-0.2171530488258004,1.0234418901218525,-6.339307590890351,1.2830586104120436
628,500,-0.19463357836950773,0.9171612533667024,-5.982745049248377,1.179917039677947
629,500,-0.2313654999148025,0.9911578088013924,-5.8403976415302825,1.312414596016745
630,500,-0.22177698979188556,0.9643715483230737,-8.178515418648832,1.2546291549313975
631,500,-0.2615030407870014,1.0081791995905878,-6.157112949502486,1.264243408068001
632,500,-0.24541065480316843,0.9594261550256117,-4.883013478775106,1.4128696658102844
633,500,-0.21949311076075192,0.9557345391389759,-4.776366555927014,1.3235485609047084
634,500,-0.22385777500019255,1.047493864860606,-6.119780709517231,1.3012378315820379
635,500,-0.21605044563944953,0.9107277906288251,-4.709338117645021,1.2302688692553612
636,500,-0.21543153348499647,0.9269769236095777,-5.312736625434931,1.4789689230120717
637,500,-0.2694135210183016,1.0255993371796859,-7.195506917684774,1.2256194918211718
638,500,-0.19947613943631223,0.9209707194219803,-4.25218305172682,1.158521884047105
639,500,-0.21252228243459553,0.9592794126896466,-5.763954307261372,1.1613164498468962
640,500,-0.20117891138003927,0.8903709533514295,-4.402241607104402,1.1943447864340682
641,500,-0.2492967939765157,0.9541194588848163,-6.311675459865323,1.2252149638304584
642,500,-0.23061222370360793,0.9782630427406059,-5.512269554869102,1.2284636249840633
643,500,-0.15249486841601725,0.9456465325110741,-6.17075798576189,1.2447611138961703
644,500,-0.1644588543182395,0.9412210813234265,-6.026608658011314,1.5252849885864372
645,500,-0.19305031205618658,0.8563109789535192,-3.7761239994004625,1.220954694526466
646,500,-0.21475411073491912,0.9364252009664626,-5.608317901154226,1.330274350384626
647,500,-0.24236518480819963,0.9394951589030086,-5.432893794674439,1.101180358328023
648,500,-0.2395104048454416,0.9432571994982961,-4.9304104952132235,1.242838460552188
649,500,-0.13365171468898135,0.906214979350236,-6.365265484336982,1.2810789032393972
650,500,-0.24772708372305918,0.9762581065944943,-5.538178918714734,1.26946891526737
651,500,-0.19947829642403633,0.9309013959309652,-5.06060836081658,1.2989492803004843
652,500,-0.2239208750235179,0.9719636858623742,-6.161707376020756,1.3871203635218654
653,500,-0.2278489857320663,0.9254908739481822,-4.752345805225386,1.3040713052654942
654,500,-0.1863409565291551,0.9586332327489911,-5.262645260663235,1.4833950842848351
655,500,-0.2756941801690704,1.0728872048262754,-5.3028566331996005,1.2003402663083933
656,500,-0.18843875338501279,0.9180490806378313,-4.505781424533724,1.2578300300179923
657,500,-0.2498431811812195,0.9653289390379866,-5.053178655481259,1.2930006498024755
658,500,-0.23049285053557325,0.924602531602921,-5.378687258762663,1.322175411385325
659,500,-0.20347266619201693,0.8879304250418659,-5.414993519533303,1.1773436512793487
660,500,-0.1976312883605711,0.8912425324536337,-6.040019544829223,1.3121910575434963
661,500,-0.3347466526942435,1.0482119500724842,-5.554952103243218,1.1760478920008148
662,500,-0.23472160841174816,1.0190365784634645,-6.496297553638287,1.2792315926055922
663,500,-0.24947696865771918,1.0020084359796813,-4.395583725067775,1.2088832457969458
664,500,-0.19991533108709217,0.9479911464447345,-5.410369541498209,1.1196836174271567
665,500,-0.16954237055986368,0.9445782326005469,-4.851407970877357,1.2751484256103196
666,500,-0.18333689420188276,0.8795861882863518,-4.624215331133978,1.181183139154631
667,500,-0.12551614814571926,0.83878159057086,-3.909793961630372,1.2885806996619042
668,500,-0.19981401568206233,0.9873473751645291,-6.078105489074256,1.3071456156870584
669,500,-0.24693235286207801,0.9679020941077012,-6.491348881837775,1.2421076086862297
670,500,-0.21128071837196596,0.9855709858728208,-5.134820337949023,1.5578715288254437
671,500,-0.1733867792904597,0.9149993677304236,-5.219578776144676,1.274617315121047
672,500,-0.15706193434710433,0.9042072685931509,-4.079277040519167,1.3901707369099825
673,500,-0.1870999856335971,0.915060582619231,-5.719484936032456,1.1577888227299749
674,500,-0.32071061995501327,1.0742623715256305,-5.88845901794248,1.2028764147358577
675,500,-0.2532038947755098,0.9885075178076151,-5.227440362162136,1.4433156268566285
676,500,-0.20866350671377973,0.9756187992076458,-5.0210901656962825,1.2999282304303303
677,500,-0.1641808135431033,0.9935901912944776,-6.853070236021478,1.3782120524252373
678,500,-0.2389347781135222,0.9715984381783143,-6.317137229655365,1.0561974530686957
679,500,-0.1734998673401905,1.0250586610887158,-6.387499476607474,1.2625615852953944
680,500,-0.21819694897700587,1.0036582648270462,-7.076253479545426,1.3152499381809524
681,500,-0.18851620098272334,0.8835061628544255,-5.542636724404366,1.3126802413682752
682,500,-0.23741737001950425,0.993190950264314,-4.6486444629654295,1.2492270279055495
683,500,-0.22954844998497506,0.9351123570518601,-5.0772700117084115,1.2958142113957414
684,500,-0.21638145419102506,0.9400251021107722,-5.508602986981287,1.2223223048076075
685,500,-0.2199336277191699,0.9496045638329617,-4.7663859350010345,1.2022402030127406
686,500,-0.24111621035147485,0.9196010603770312,-4.902248404315749,1.2134391154774895
687,500,-0.21330876170909102,0.9113142349575352,-5.975812621672628,1.2807087102812418
688,500,-0.22329832983295103,0.9260339448760321,-4.847558165881536,1.1981054667818625
689,500,-0.23261505169379176,1.0110389722053366,-6.311964627146585,1.1352143175919163
690,500,-0.21196749719306332,0.9668730890973586,-5.9577218022739205,1.143638819744061
691,500,-0.2513422594044706,0.9355002916611368,-5.21127324725809,1.2511035164279742
692,500,-0.25962409748855453,1.0359642558894144,-10.048306812531013,1.1667662902944258
693,500,-0.23460616041416177,1.0666615702764257,-7.045092603865238,1.338641514520193
694,500,-0.2182187584953381,0.9678847534716469,-5.4452467543487195,1.2374593633539126
695,500,-0.19545294534288019,0.8978599060124937,-6.924929701914694,1.2351941930888959
696,500,-0.21558278500329667,0.9751872416420396,-5.585446353206123,1.1773342007555287
697,500,-0.1938046950586359,0.9178540442268589,-5.607893099462194,1.3822532708246666
698,500,-0.2042594605108285,0.9574030037752709,-6.121577727597857,1.2345974339714478
699,500,-0.23565058816646142,0.9312424909680439,-5.491223574137433,1.3149143317266447
700,500,-0.23970008423976433,0.9400358742666722,-5.7085577263526694,1.2390123260070371
701,500,-0.2953509761557652,1.0466265170301465,-5.463913968774142,1.2238103822073338
702,500,-0.2371835672447096,1.0248935163883706,-6.781653320072051,1.2924369099878734
703,500,-0.22830548389756966,0.9438405863292634,-5.835825565634956,1.4191839758970557
704,500,-0.16401890679558398,0.9079798071574386,-6.0231026089055115,1.3068433289045172
705,500,-0.2072578398670882,0.9386773348082552,-6.179786777245743,1.2558041864861533
706,500,-0.2738017940174244,0.9810411997844188,-5.927480745479121,1.3228554723151047
707,500,-0.15751784416618617,0.8294914627566894,-5.401798966501255,1.341267296378711
708,500,-0.17488702873567671,0.9438563583217011,-5.3438464168262545,1.300224210111141
709,500,-0.22099584489594346,0.8619666513344908,-4.643036306339762,1.1299614643629479
710,500,-0.1304019068364346,0.8764900265329246,-5.398250800733381,1.3654126449849449
711,500,-0.22769333243667972,1.000720760492108,-5.472225537637742,1.2549941098289437
712,500,-0.2515951463929223,1.0615338242719146,-7.0424907249737085,1.4766285415787812
713,500,-0.26864681568135096,1.0297488734220737,-6.575684157603557,1.2075468040895025
714,500,-0.19383647600418505,0.9291824233902767,-4.456735772481916,1.1671276501820933
715,500,-0.20503282315224963,0.9220194012504435,-7.492056627573402,1.1166093200412897
716,500,-0.19463088606031975,0.9295068926537168,-5.772126985293151,1.1609944239455108
717,500,-0.21418621617501865,0.9511728565065026,-5.324390132116375,1.2183095056306041
718,500,-0.2214477053288939,1.0222668082280433,-6.24733004881416,1.3271032239823843
719,500,-0.21243238833638467,0.9837798068922035,-5.46825718442984,1.2546623125519063
720,500,-0.2534028169641556,1.0210636161947353,-5.971993317194871,1.3153137194299702
721,500,-0.1871409287343172,0.9366315004709213,-5.863290210932467,1.2440291655467537
722,500,-0.2234817163298005,0.8708912792120951,-5.137840204998056,1.3068018878503023
723,500,-0.19655982489542057,0.9385678162123515,-5.15983240444758,1.4727087344267258
724,500,-0.18459492241015865,0.9844411035906163,-5.98293103990519,1.2896535346205866
725,500,-0.2404859944942326,0.9851165860423712,-5.046432132253599,1.127729337223471
726,500,-0.24523602156638674,0.954262528121239,-6.103355147723861,1.250510235799187
727,500,-0.1758724604909311,0.9287771136454199,-6.510892671389681,1.1561510037293847
728,500,-0.233807174424929,0.9845574877456318,-5.010544190656565,1.1419774086625707
729,500,-0.23809608152265946,0.9180353073014226,-6.339064318659605,1.3342057545385282
730,500,-0.20419023635888983,0.9226300837550335,-8.829276677509275,1.3792773470958235
731,500,-0.23961303373726842,1.0558150141052276,-7.633590095491674,1.2936697130868968
732,500,-0.20230260326206734,0.8762361397465528,-4.2971640564304625,1.1990034346388125
733,500,-0.27611808900948437,1.0561750155579752,-8.855526083018164,1.2652740536635068
734,500,-0.20708663400117389,0.9338090493846248,-4.397340861202062,1.2797764645420524
735,500,-0.28894815224131287,1.0319618124140932,-6.1055590634946855,1.1943165881083588
736,500,-0.28579448305370897,1.0374702719021494,-4.79395395353816,1.2656398658782462
737,500,-0.2558207827508047,1.0289670961075645,-5.359905274857121,1.2543715270962204
738,500,-0.24851942668011462,1.0138638136561517,-7.729535608569999,1.284535996465028
739,500,-0.2967643277955906,1.0741257808160944,-6.255040378354048,1.3111839197278916
740,500,-0.24644132843372982,0.9901373889032775,-5.920787530729883,1.314693425373493
741,500,-0.2536612848211681,1.0311566714966778,-6.814618298242006,1.2750786230401416
742,500,-0.29052589489003,1.0584840222390615,-5.535740027615974,1.2878925369811594
743,500,-0.199756559588163,0.9193756936409059,-5.9592605953352145,1.1854961682647072
744,500,-0.26169142116535554,0.9602375273936046,-6.957209088884222,1.436932071074018
745,500,-0.24176855276749468,0.9476407903240325,-6.187078399462861,1.254007368813314
746,500,-0.15658786900327307,0.8790986944968546,-5.408960563853562,1.2313606522156961
747,500,-0.15943172713911954,0.8233027193557657,-4.663683962370649,1.2800059705440419
748,500,-0.18761064675698708,0.8562836994523187,-5.279566269592299,1.1892834341493532
749,500,-0.32488216304319656,1.0245339874451198,-6.74987992359978,1.3303809843643617
750,500,-0.20098274358863832,0.953613826592723,-6.312424272537217,1.2865051265754424
751,500,-0.2085627195742062,0.9417096186079293,-5.0558222253421095,1.5343677345694728
752,500,-0.2553217360468565,0.9921289541950902,-6.7201639037425664,1.165635330837722
753,500,-0.25699827874727926,1.008274395564035,-7.217872772153366,1.2660289218380525
754,500,-0.21740913898113712,0.933681641794283,-5.797313604432809,1.3457324705566056
755,500,-0.25033032794813276,1.0386564375312093,-5.05445617292752,1.2727033145494684
756,500,-0.22139669824408623,0.9642352464275739,-5.481583903900648,1.2953884927571213
757,500,-0.20493667978351215,0.9715895307291377,-5.646716738436802,1.267453718601809
758,500,-0.17338277280455208,0.8825505453294457,-5.351546621318746,1.2667153954851167
759,500,-0.22314927870867912,0.9691083485763177,-6.3402486496601105,1.1997156029591127
760,500,-0.22728044829760416,0.9085800965120868,-5.676340325064338,1.34935303796364
761,500,-0.25378617637306067,0.9411584371407395,-4.759839171485611,1.1860368928372174
762,500,-0.21138246030404417,0.9435552250508396,-5.490769747466046,1.3457812256319965
763,500,-0.16283885924336827,0.911329276379118,-7.584099068231232,1.1309056501478962
764,500,-0.15041725863687522,0.8754424617565951,-5.785298711373079,1.3995419437539867
765,500,-0.17655800115682335,0.9181986269151318,-5.914541367197867,1.252840790708343
766,500,-0.20887734235206734,0.9665139186210642,-5.830615864639503,1.2542887201479158
767,500,-0.24245512834785546,0.9489423929863204,-6.665991171055521,1.1830136236132391
768,500,-0.3281311214235404,1.1108486678376832,-4.861335416584483,1.181506836627457
769,500,-0.3139456380536342,1.0346259488662901,-5.934720287606117,1.2571474434378493
770,500,-0.1944857015293918,0.9805191443560798,-5.914223226019568,1.3385196633537464
771,500,-0.24023297041351813,0.904967576674187,-4.603807672205895,1.2219874526840693
772,500,-0.28951893141146223,1.095999047112202,-7.490265505033906,1.2467268969532195
773,500,-0.2400441978104498,0.9708322027099856,-5.139233969221513,1.445184469504922
774,500,-0.1734683609062817,0.8971914659550849,-7.372079308254223,1.3070736859167296
775,500,-0.2141273312004288,0.9794808917023134,-5.662306643127792,1.2380507956650182
776,500,-0.19060125788767282,1.0190009209441064,-6.60149781619491,1.266456348922501
777,500,-0.1564387603251837,0.89063359334642,-5.682086835688409,1.3041469168539377
778,500,-0.2612268286006657,1.0455058549168237,-4.689603363048024,1.5314497179121573
779,500,-0.25088050128466055,0.9470198135294872,-5.482094638581952,1.289105852186602
780,500,-0.19137382209947598,0.9181946453547754,-6.09933361076394,1.3187021242505341
781,500,-0.17926890489013594,0.9630323593679773,-6.591200995275393,1.2495181231411714
782,500,-0.21116189198105104,0.8491346539014509,-4.737435395471664,1.2052784291643892
783,500,-0.19683417503461562,0.8595202170176943,-4.363054946423384,1.1556367665481353
784,500,-0.1825425604962462,1.0069375574050043,-6.16554946121117,1.149942681907389
785,500,-0.23382692051170628,0.9264945332248337,-5.658063870106743,1.230159485932632
786,500,-0.18176761870370087,0.899117277139352,-5.1412006326261,1.1380544989834063
787,500,-0.2768822907903932,0.9753922901886048,-5.849212969142844,1.1937533400735183
788,500,-0.2436411233535355,0.9064167078632481,-5.498183969145233,1.3464774196230327
789,500,-0.2278184690150023,0.9907825717722917,-5.044734570315546,1.274327545435881
790,500,-0.21899053119066642,0.9103794867799375,-6.4405366223090255,1.2958907839114493
791,500,-0.28824467673530696,0.9471914574747224,-4.670957999803263,1.1721905716698933
792,500,-0.29075082073965985,1.029114173949989,-6.77335671583762,1.240901575832969
793,500,-0.2879978411568904,1.0956770711662205,-7.4424291727892085,1.3840594880548234
