date;hour;GC(KW);GG(KW);heat(KW)
1-Sep-10;0;150.322;0.027;281.290
1-Sep-10;1;118.818;0.057;277.425
1-Sep-10;2;114.603;0.031;275.280
1-Sep-10;3;118.565;0.038;294.605
1-Sep-10;4;121.855;0.043;337.550
1-Sep-10;5;148.106;0.007;352.580
1-Sep-10;6;215.383;4.648;363.315
1-Sep-10;7;253.759;42.355;369.330
1-Sep-10;8;200.427;96.023;355.160
1-Sep-10;9;177.286;147.016;293.745
1-Sep-10;10;156.597;181.095;278.715
1-Sep-10;11;158.282;190.827;271.415
1-Sep-10;12;150.302;159.972;261.105
1-Sep-10;13;150.851;178.634;260.250
1-Sep-10;14;154.668;114.683;258.960
1-Sep-10;15;156.799;51.758;258.530
1-Sep-10;16;198.302;17.559;248.225
1-Sep-10;17;295.329;0.490;250.370
1-Sep-10;18;322.959;0.043;258.100
1-Sep-10;19;298.123;0.039;261.965
1-Sep-10;20;271.551;0.060;276.570
1-Sep-10;21;252.500;0.030;283.010
1-Sep-10;22;214.277;0.059;262.825
1-Sep-10;23;155.509;0.056;259.390
2-Sep-10;0;129.832;0.045;261.535
2-Sep-10;1;107.416;0.020;258.960
2-Sep-10;2;105.973;0.032;256.815
2-Sep-10;3;107.361;0.036;271.845
2-Sep-10;4;110.988;0.036;293.745
2-Sep-10;5;132.659;0.018;310.495
2-Sep-10;6;186.105;0.200;333.255
2-Sep-10;7;233.529;10.758;325.525
2-Sep-10;8;201.254;39.040;307.920
2-Sep-10;9;174.223;87.125;261.535
2-Sep-10;10;161.972;116.643;253.375
2-Sep-10;11;162.250;135.090;247.365
2-Sep-10;12;162.233;138.026;236.200
2-Sep-10;13;161.771;101.933;239.205
2-Sep-10;14;156.225;65.787;236.200
2-Sep-10;15;173.838;44.991;225.890
2-Sep-10;16;217.626;12.199;235.340
2-Sep-10;17;306.867;0.252;231.045
2-Sep-10;18;330.914;0.061;248.655
2-Sep-10;19;319.244;0.062;254.665
2-Sep-10;20;313.979;0.051;259.820
2-Sep-10;21;258.090;0.076;264.545
2-Sep-10;22;223.084;0.064;255.955
2-Sep-10;23;181.823;0.025;249.510
3-Sep-10;0;145.765;0.001;194.115
3-Sep-10;1;114.014;0.037;248.655
3-Sep-10;2;108.689;0.025;249.510
3-Sep-10;3;106.083;0.051;210.860
3-Sep-10;4;114.719;0.030;260.250
3-Sep-10;5;141.480;0.054;275.280
3-Sep-10;6;204.510;0.198;295.035
3-Sep-10;7;247.368;8.554;290.740
3-Sep-10;8;230.485;26.013;283.440
3-Sep-10;9;200.696;40.466;257.670
3-Sep-10;10;175.557;56.667;246.075
3-Sep-10;11;182.834;77.978;253.805
3-Sep-10;12;185.793;93.274;245.645
3-Sep-10;13;187.142;88.950;226.750
3-Sep-10;14;174.482;62.267;226.750
3-Sep-10;15;188.160;36.426;257.670
3-Sep-10;16;248.095;11.451;198.405
3-Sep-10;17;366.337;0.075;226.750
3-Sep-10;18;389.654;0.090;233.195
3-Sep-10;19;363.829;0.020;233.620
3-Sep-10;20;316.628;0.049;243.070
3-Sep-10;21;276.008;0.068;267.550
3-Sep-10;22;242.284;0.021;240.495
3-Sep-10;23;202.128;0.073;252.520
4-Sep-10;0;157.314;0.049;245.220
4-Sep-10;1;127.174;0.025;250.370
4-Sep-10;2;115.567;0.043;258.960
4-Sep-10;3;118.556;0.031;255.095
4-Sep-10;4;129.223;0.024;267.550
4-Sep-10;5;136.220;0.042;234.050
4-Sep-10;6;177.372;0.156;287.735
4-Sep-10;7;192.705;3.575;290.310
4-Sep-10;8;221.368;14.218;289.450
4-Sep-10;9;235.146;42.729;257.240
4-Sep-10;10;213.915;57.344;254.665
4-Sep-10;11;219.829;43.943;234.910
4-Sep-10;12;225.516;61.151;235.770
4-Sep-10;13;220.378;75.571;243.500
4-Sep-10;14;218.507;42.253;273.130
4-Sep-10;15;212.572;58.903;261.535
4-Sep-10;16;251.890;21.774;259.820
4-Sep-10;17;343.283;0.507;236.200
4-Sep-10;18;362.170;0.050;231.045
4-Sep-10;19;323.088;0.038;236.200
4-Sep-10;20;288.068;0.042;236.630
4-Sep-10;21;248.255;0.054;245.645
4-Sep-10;22;232.093;0.061;228.900
4-Sep-10;23;182.016;0.045;241.355
5-Sep-10;0;145.180;0.014;241.355
5-Sep-10;1;120.785;0.051;239.205
5-Sep-10;2;118.507;0.024;242.640
5-Sep-10;3;120.115;0.031;251.660
5-Sep-10;4;127.418;0.048;261.535
5-Sep-10;5;146.200;0.025;261.965
5-Sep-10;6;163.055;8.146;260.680
5-Sep-10;7;178.838;75.968;206.135
5-Sep-10;8;219.035;177.215;254.235
5-Sep-10;9;226.192;266.510;230.615
5-Sep-10;10;211.536;324.130;221.170
5-Sep-10;11;197.591;353.859;233.195
5-Sep-10;12;185.097;350.902;227.610
5-Sep-10;13;176.840;322.289;232.335
5-Sep-10;14;174.847;259.940;249.940
5-Sep-10;15;183.431;156.547;229.755
5-Sep-10;16;217.572;53.077;232.335
5-Sep-10;17;263.530;4.547;226.750
5-Sep-10;18;319.268;0.042;232.765
5-Sep-10;19;304.804;0.033;231.045
5-Sep-10;20;282.562;0.045;229.755
5-Sep-10;21;251.874;0.057;229.755
5-Sep-10;22;200.314;0.032;219.450
5-Sep-10;23;157.589;0.045;226.320
6-Sep-10;0;129.735;0.037;234.050
6-Sep-10;1;108.479;0.016;220.740
6-Sep-10;2;103.142;0.024;239.635
6-Sep-10;3;105.005;0.049;240.925
6-Sep-10;4;115.271;0.060;249.085
6-Sep-10;5;137.295;0.048;251.660
6-Sep-10;6;211.307;10.305;254.235
6-Sep-10;7;235.857;85.936;263.255
6-Sep-10;8;198.470;190.958;260.250
6-Sep-10;9;163.129;281.165;231.045
6-Sep-10;10;151.679;336.572;222.455
6-Sep-10;11;159.433;340.891;218.590
6-Sep-10;12;159.563;302.469;220.740
6-Sep-10;13;150.490;238.778;217.305
6-Sep-10;14;150.654;149.666;219.450
6-Sep-10;15;154.777;91.531;226.320
6-Sep-10;16;195.686;38.037;223.315
6-Sep-10;17;309.021;2.296;213.440
6-Sep-10;18;363.563;0.033;223.315
6-Sep-10;19;342.004;0.075;219.450
6-Sep-10;20;329.319;0.025;234.050
6-Sep-10;21;268.665;0.057;232.335
6-Sep-10;22;230.305;0.044;235.770
6-Sep-10;23;178.417;0.050;242.640
7-Sep-10;0;139.384;0.045;252.090
7-Sep-10;1;112.908;0.056;262.825
7-Sep-10;2;111.627;0.048;277.425
7-Sep-10;3;113.412;0.048;297.180
7-Sep-10;4;117.851;0.020;296.750
7-Sep-10;5;149.607;0.054;300.615
7-Sep-10;6;228.108;4.732;291.170
7-Sep-10;7;260.397;45.267;293.315
7-Sep-10;8;220.732;148.309;289.020
7-Sep-10;9;186.749;259.208;292.030
7-Sep-10;10;171.341;301.088;292.460
7-Sep-10;11;167.378;261.583;284.725
7-Sep-10;12;172.429;247.042;271.415
7-Sep-10;13;151.782;235.704;259.820
7-Sep-10;14;157.146;220.005;257.240
7-Sep-10;15;164.966;136.266;257.240
7-Sep-10;16;225.412;54.586;257.240
7-Sep-10;17;316.316;2.957;278.285
7-Sep-10;18;414.910;0.070;264.545
7-Sep-10;19;380.562;0.042;280.005
7-Sep-10;20;361.833;0.057;287.735
7-Sep-10;21;315.295;0.068;294.175
7-Sep-10;22;243.660;0.057;291.600
7-Sep-10;23;184.025;0.044;325.095
8-Sep-10;0;145.805;0.050;345.710
8-Sep-10;1;121.595;0.006;337.980
8-Sep-10;2;119.879;0.062;343.135
8-Sep-10;3;124.404;0.043;339.270
8-Sep-10;4;125.947;0.024;323.810
8-Sep-10;5;161.475;0.054;322.950
8-Sep-10;6;238.292;11.178;331.965
8-Sep-10;7;283.654;87.403;328.960
8-Sep-10;8;207.416;193.248;318.225
8-Sep-10;9;169.121;278.850;307.920
8-Sep-10;10;149.489;331.970;272.275
8-Sep-10;11;150.894;350.560;251.660
8-Sep-10;12;159.068;345.174;234.910
8-Sep-10;13;152.774;316.772;238.775
8-Sep-10;14;142.265;250.527;237.915
8-Sep-10;15;146.637;156.929;234.480
8-Sep-10;16;200.547;58.132;240.495
8-Sep-10;17;318.583;4.015;239.635
8-Sep-10;18;406.940;0.015;249.510
8-Sep-10;19;399.993;0.058;254.235
8-Sep-10;20;369.500;0.026;254.235
8-Sep-10;21;329.230;0.087;259.820
8-Sep-10;22;269.858;0.049;273.130
8-Sep-10;23;196.948;0.019;254.235
9-Sep-10;0;136.517;0.063;270.555
9-Sep-10;1;114.844;0.038;267.120
9-Sep-10;2;118.881;0.033;277.425
9-Sep-10;3;119.609;0.039;301.475
9-Sep-10;4;123.392;0.076;350.865
9-Sep-10;5;150.748;0.027;374.055
9-Sep-10;6;240.775;4.234;364.175
9-Sep-10;7;281.790;32.960;323.380
9-Sep-10;8;244.072;93.381;282.150
9-Sep-10;9;186.721;231.182;287.735
9-Sep-10;10;165.981;269.148;267.120
9-Sep-10;11;167.851;193.298;263.685
9-Sep-10;12;179.783;84.396;263.255
9-Sep-10;13;185.421;74.292;264.975
9-Sep-10;14;176.339;63.327;252.950
9-Sep-10;15;196.773;15.913;255.095
9-Sep-10;16;267.277;3.073;255.955
9-Sep-10;17;392.550;0.100;249.510
9-Sep-10;18;406.800;0.056;258.100
9-Sep-10;19;384.864;0.056;264.115
9-Sep-10;20;365.304;0.049;271.415
9-Sep-10;21;305.797;0.074;268.840
9-Sep-10;22;250.214;0.081;266.690
9-Sep-10;23;181.385;0.045;257.240
10-Sep-10;0;135.486;0.036;256.385
10-Sep-10;1;122.385;0.032;259.820
10-Sep-10;2;112.498;0.043;274.420
10-Sep-10;3;117.797;0.018;302.335
10-Sep-10;4;123.318;0.031;331.540
10-Sep-10;5;150.640;0.036;352.150
10-Sep-10;6;207.925;10.890;348.285
10-Sep-10;7;219.732;85.888;298.040
10-Sep-10;8;190.978;179.239;286.015
10-Sep-10;9;172.257;207.682;254.235
10-Sep-10;10;175.307;161.667;251.230
10-Sep-10;11;170.269;296.764;265.400
10-Sep-10;12;161.016;292.441;244.360
10-Sep-10;13;155.240;254.515;228.040
10-Sep-10;14;147.269;143.877;241.355
10-Sep-10;15;166.016;53.925;226.320
10-Sep-10;16;224.680;25.814;240.065
10-Sep-10;17;281.848;3.739;232.765
10-Sep-10;18;367.676;0.027;230.185
10-Sep-10;19;362.642;0.049;242.210
10-Sep-10;20;327.333;0.042;243.930
10-Sep-10;21;292.572;0.061;248.225
10-Sep-10;22;235.167;0.062;245.645
10-Sep-10;23;189.020;0.041;239.205
11-Sep-10;0;152.364;0.027;254.665
11-Sep-10;1;130.393;0.042;261.535
11-Sep-10;2;121.441;0.052;260.250
11-Sep-10;3;116.221;0.048;259.820
11-Sep-10;4;113.236;0.038;282.150
11-Sep-10;5;136.573;0.030;302.335
11-Sep-10;6;186.606;15.221;295.035
11-Sep-10;7;227.226;95.069;293.315
11-Sep-10;8;218.143;201.461;259.820
11-Sep-10;9;202.037;288.122;231.905
11-Sep-10;10;187.958;340.390;243.500
11-Sep-10;11;167.651;358.860;259.820
11-Sep-10;12;181.075;354.742;227.180
11-Sep-10;13;179.120;325.430;228.470
11-Sep-10;14;161.635;263.586;248.225
11-Sep-10;15;171.682;166.072;219.450
11-Sep-10;16;197.081;61.979;234.910
11-Sep-10;17;272.110;4.630;203.560
11-Sep-10;18;340.979;0.044;208.285
11-Sep-10;19;319.107;0.061;207.425
11-Sep-10;20;283.053;0.039;213.440
11-Sep-10;21;252.337;0.031;217.735
11-Sep-10;22;227.392;0.055;213.440
11-Sep-10;23;187.892;0.085;225.035
12-Sep-10;0;151.874;0.055;211.290
12-Sep-10;1;132.937;0.024;231.475
12-Sep-10;2;118.457;0.049;230.615
12-Sep-10;3;113.060;0.020;234.050
12-Sep-10;4;113.109;0.031;237.490
12-Sep-10;5;141.815;0.051;248.655
12-Sep-10;6;177.580;17.138;276.570
12-Sep-10;7;200.350;96.321;270.985
12-Sep-10;8;205.407;195.315;231.475
12-Sep-10;9;209.571;255.566;220.740
12-Sep-10;10;182.166;286.057;216.875
12-Sep-10;11;185.145;309.301;226.320
12-Sep-10;12;193.147;322.828;208.285
12-Sep-10;13;183.196;286.111;192.825
12-Sep-10;14;169.933;204.894;197.120
12-Sep-10;15;182.397;124.265;228.040
12-Sep-10;16;225.979;46.031;209.575
12-Sep-10;17;308.390;3.429;197.980
12-Sep-10;18;378.943;0.037;199.265
12-Sep-10;19;325.351;0.026;202.700
12-Sep-10;20;296.949;0.068;216.015
12-Sep-10;21;238.865;0.043;212.580
12-Sep-10;22;201.781;0.057;210.860
12-Sep-10;23;163.250;0.056;223.315
13-Sep-10;0;140.649;0.093;225.890
13-Sep-10;1;117.040;0.018;222.455
13-Sep-10;2;116.138;0.037;230.615
13-Sep-10;3;115.780;0.067;229.330
13-Sep-10;4;114.645;0.042;238.345
13-Sep-10;5;136.719;0.018;250.800
13-Sep-10;6;200.684;3.240;240.925
13-Sep-10;7;249.852;25.056;229.330
13-Sep-10;8;211.869;69.814;228.470
13-Sep-10;9;181.654;196.629;218.590
13-Sep-10;10;152.115;295.913;207.855
13-Sep-10;11;150.635;307.215;201.845
13-Sep-10;12;159.581;287.252;203.990
13-Sep-10;13;157.163;266.534;202.270
13-Sep-10;14;152.274;229.894;198.835
13-Sep-10;15;153.951;111.753;206.565
13-Sep-10;16;190.999;35.930;210.430
13-Sep-10;17;282.476;1.363;215.155
13-Sep-10;18;337.686;0.049;218.590
13-Sep-10;19;312.769;0.061;228.040
13-Sep-10;20;274.708;0.034;249.085
13-Sep-10;21;239.955;0.045;248.225
13-Sep-10;22;200.603;0.067;249.940
13-Sep-10;23;152.663;0.062;248.225
14-Sep-10;0;123.801;0.050;243.930
14-Sep-10;1;110.826;0.043;249.940
14-Sep-10;2;104.442;0.048;254.235
14-Sep-10;3;106.148;0.030;214.725
14-Sep-10;4;113.465;0.049;280.860
14-Sep-10;5;146.740;0.043;298.040
14-Sep-10;6;203.832;3.547;258.960
14-Sep-10;7;225.521;44.852;285.155
14-Sep-10;8;205.726;98.504;258.960
14-Sep-10;9;162.736;118.113;234.480
14-Sep-10;10;159.045;104.448;227.180
14-Sep-10;11;166.664;82.423;218.160
14-Sep-10;12;172.381;123.454;208.715
14-Sep-10;13;169.768;97.313;206.135
14-Sep-10;14;170.300;102.144;208.715
14-Sep-10;15;190.677;51.399;207.425
14-Sep-10;16;248.377;10.474;216.015
14-Sep-10;17;349.443;0.298;215.585
14-Sep-10;18;385.316;0.043;245.220
14-Sep-10;19;344.678;0.080;236.200
14-Sep-10;20;322.621;0.081;240.925
14-Sep-10;21;261.275;0.073;198.835
14-Sep-10;22;211.165;0.056;245.220
14-Sep-10;23;175.611;0.072;244.360
15-Sep-10;0;138.077;0.021;199.695
15-Sep-10;1;112.480;0.025;251.230
15-Sep-10;2;110.437;0.031;249.940
15-Sep-10;3;116.133;0.055;266.260
15-Sep-10;4;117.113;0.013;307.490
15-Sep-10;5;147.834;0.063;319.945
15-Sep-10;6;205.780;6.794;307.060
15-Sep-10;7;231.333;32.891;283.010
15-Sep-10;8;204.439;100.857;248.655
15-Sep-10;9;169.595;181.407;225.035
15-Sep-10;10;166.589;231.721;224.175
15-Sep-10;11;155.174;225.596;214.295
15-Sep-10;12;165.953;263.812;225.035
15-Sep-10;13;148.696;295.322;213.010
15-Sep-10;14;137.166;244.660;228.470
15-Sep-10;15;153.401;163.256;230.615
15-Sep-10;16;185.753;64.111;230.615
15-Sep-10;17;262.361;5.621;237.915
15-Sep-10;18;329.926;0.033;248.225
15-Sep-10;19;302.596;0.067;260.250
15-Sep-10;20;283.717;0.038;265.400
15-Sep-10;21;254.862;0.036;248.225
15-Sep-10;22;220.576;0.051;243.930
15-Sep-10;23;177.237;0.044;249.940
16-Sep-10;0;144.060;0.030;259.820
16-Sep-10;1;110.842;0.042;270.555
16-Sep-10;2;111.207;0.030;285.155
16-Sep-10;3;115.731;0.049;321.660
16-Sep-10;4;114.228;0.055;339.695
16-Sep-10;5;153.505;0.049;346.570
16-Sep-10;6;225.645;20.413;375.340
16-Sep-10;7;237.866;97.144;348.285
16-Sep-10;8;214.353;179.350;249.510
16-Sep-10;9;169.186;274.350;283.010
16-Sep-10;10;156.032;313.959;281.720
16-Sep-10;11;158.379;338.929;265.830
16-Sep-10;12;159.904;334.956;259.820
16-Sep-10;13;151.014;314.264;266.690
16-Sep-10;14;140.618;266.119;286.015
16-Sep-10;15;151.652;164.933;283.870
16-Sep-10;16;181.811;65.714;276.995
16-Sep-10;17;283.119;6.668;259.820
16-Sep-10;18;339.699;0.048;255.095
16-Sep-10;19;348.099;0.028;271.845
16-Sep-10;20;329.622;0.045;264.975
16-Sep-10;21;295.881;0.082;267.980
16-Sep-10;22;250.103;0.063;258.530
16-Sep-10;23;185.540;0.036;257.240
17-Sep-10;0;147.010;0.050;261.105
17-Sep-10;1;118.117;0.014;267.550
17-Sep-10;2;119.051;0.054;278.715
17-Sep-10;3;114.786;0.014;291.170
17-Sep-10;4;112.076;0.061;333.685
17-Sep-10;5;155.746;0.086;359.880
17-Sep-10;6;241.278;21.051;374.055
17-Sep-10;7;280.140;103.077;350.435
17-Sep-10;8;230.248;214.360;308.345
17-Sep-10;9;171.196;303.193;267.120
17-Sep-10;10;165.194;354.913;249.510
17-Sep-10;11;154.124;359.944;279.575
17-Sep-10;12;169.071;353.828;243.500
17-Sep-10;13;148.807;323.015;257.240
17-Sep-10;14;146.056;265.289;267.550
17-Sep-10;15;156.731;154.753;253.805
17-Sep-10;16;194.548;57.883;229.755
17-Sep-10;17;274.319;7.164;228.040
17-Sep-10;18;372.507;0.028;225.035
17-Sep-10;19;358.298;0.068;222.885
17-Sep-10;20;348.765;0.056;223.315
17-Sep-10;21;297.271;0.040;225.465
17-Sep-10;22;242.093;0.038;219.880
17-Sep-10;23;175.616;0.048;214.725
18-Sep-10;0;155.882;0.055;219.450
18-Sep-10;1;130.617;0.062;223.745
18-Sep-10;2;120.569;0.043;241.780
18-Sep-10;3;120.928;0.058;245.645
18-Sep-10;4;120.676;0.067;254.235
18-Sep-10;5;140.112;0.052;270.985
18-Sep-10;6;198.406;23.079;287.735
18-Sep-10;7;230.362;110.903;289.020
18-Sep-10;8;224.036;217.658;273.990
18-Sep-10;9;205.886;303.907;270.555
18-Sep-10;10;174.727;353.020;270.985
18-Sep-10;11;186.061;372.436;283.440
18-Sep-10;12;181.654;361.589;285.585
18-Sep-10;13;175.390;328.343;290.740
18-Sep-10;14;155.015;260.300;273.990
18-Sep-10;15;170.386;166.937;261.105
18-Sep-10;16;194.849;61.949;270.555
18-Sep-10;17;256.232;6.066;270.985
18-Sep-10;18;326.034;0.055;263.685
18-Sep-10;19;301.550;0.099;269.265
18-Sep-10;20;282.303;0.060;279.145
18-Sep-10;21;260.833;0.051;277.425
18-Sep-10;22;219.360;0.026;272.705
18-Sep-10;23;170.484;0.045;276.995
19-Sep-10;0;132.567;0.021;288.165
19-Sep-10;1;115.930;0.036;285.155
19-Sep-10;2;111.388;0.030;299.760
19-Sep-10;3;110.847;0.080;293.745
19-Sep-10;4;110.673;0.049;353.440
19-Sep-10;5;133.609;0.048;380.065
19-Sep-10;6;177.346;13.544;315.220
19-Sep-10;7;196.570;69.986;340.125
19-Sep-10;8;209.576;148.168;316.505
19-Sep-10;9;224.120;210.402;271.415
19-Sep-10;10;195.194;237.500;264.975
19-Sep-10;11;190.263;208.945;265.830
19-Sep-10;12;190.660;176.242;216.015
19-Sep-10;13;175.942;208.333;267.120
19-Sep-10;14;179.883;117.188;292.030
19-Sep-10;15;201.761;62.443;275.710
19-Sep-10;16;255.361;20.578;267.120
19-Sep-10;17;315.382;2.127;263.255
19-Sep-10;18;357.163;0.025;265.400
19-Sep-10;19;336.851;0.074;274.420
19-Sep-10;20;302.264;0.057;270.555
19-Sep-10;21;266.052;0.073;279.575
19-Sep-10;22;218.729;0.045;264.975
19-Sep-10;23;176.294;0.026;264.115
20-Sep-10;0;137.261;0.031;266.260
20-Sep-10;1;112.761;0.069;269.695
20-Sep-10;2;109.492;0.036;280.005
20-Sep-10;3;112.876;0.030;278.715
20-Sep-10;4;114.616;0.074;295.465
20-Sep-10;5;143.092;0.026;316.075
20-Sep-10;6;204.031;16.001;327.245
20-Sep-10;7;212.948;85.083;314.360
20-Sep-10;8;187.918;171.291;299.760
20-Sep-10;9;161.865;221.477;270.555
20-Sep-10;10;147.039;217.593;265.400
20-Sep-10;11;155.814;241.796;258.960
20-Sep-10;12;166.994;258.331;253.805
20-Sep-10;13;158.846;257.999;252.090
20-Sep-10;14;145.026;216.416;250.370
20-Sep-10;15;154.952;136.526;246.935
20-Sep-10;16;186.989;54.010;243.500
20-Sep-10;17;282.168;6.111;246.935
20-Sep-10;18;338.769;0.050;246.505
20-Sep-10;19;314.428;0.031;256.815
20-Sep-10;20;279.391;0.038;259.390
20-Sep-10;21;247.447;0.038;263.685
20-Sep-10;22;211.368;0.030;256.815
20-Sep-10;23;174.438;0.070;252.950
21-Sep-10;0;133.475;0.031;249.085
21-Sep-10;1;112.636;0.066;257.670
21-Sep-10;2;106.982;0.054;258.100
21-Sep-10;3;113.074;0.049;261.965
21-Sep-10;4;115.526;0.031;263.685
21-Sep-10;5;155.031;0.065;270.125
21-Sep-10;6;213.209;22.020;279.145
21-Sep-10;7;212.878;100.228;289.450
21-Sep-10;8;182.054;208.621;289.020
21-Sep-10;9;174.796;286.650;251.230
21-Sep-10;10;153.321;335.243;243.500
21-Sep-10;11;157.640;350.054;239.635
21-Sep-10;12;156.662;344.993;194.540
21-Sep-10;13;144.743;319.122;243.500
21-Sep-10;14;139.468;248.968;243.500
21-Sep-10;15;150.582;143.739;197.120
21-Sep-10;16;194.192;49.590;243.930
21-Sep-10;17;290.736;3.041;237.915
21-Sep-10;18;351.588;0.050;237.490
21-Sep-10;19;301.864;0.064;240.065
21-Sep-10;20;290.733;0.038;242.210
21-Sep-10;21;232.601;0.062;243.070
21-Sep-10;22;205.335;0.055;236.200
21-Sep-10;23;165.599;0.050;242.640
22-Sep-10;0;133.194;0.024;238.345
22-Sep-10;1;108.944;0.067;236.200
22-Sep-10;2;108.606;0.024;191.105
22-Sep-10;3;106.478;0.036;234.480
22-Sep-10;4;108.913;0.042;249.940
22-Sep-10;5;139.622;0.045;273.990
22-Sep-10;6;187.168;19.536;265.830
22-Sep-10;7;196.199;98.085;253.375
22-Sep-10;8;178.615;180.682;251.660
22-Sep-10;9;158.611;218.821;233.195
22-Sep-10;10;148.931;258.842;216.015
22-Sep-10;11;147.493;304.225;214.295
22-Sep-10;12;147.960;330.391;211.720
22-Sep-10;13;145.755;316.721;214.295
22-Sep-10;14;142.980;259.633;218.160
22-Sep-10;15;140.478;164.716;225.035
22-Sep-10;16;173.129;62.510;224.175
22-Sep-10;17;248.189;5.984;219.020
22-Sep-10;18;324.083;0.039;219.880
22-Sep-10;19;297.115;0.056;231.475
22-Sep-10;20;279.198;0.056;234.050
22-Sep-10;21;239.364;0.075;226.750
22-Sep-10;22;199.024;0.037;213.010
22-Sep-10;23;162.056;0.045;227.610
23-Sep-10;0;134.695;0.049;221.170
23-Sep-10;1;114.863;0.055;212.150
23-Sep-10;2;108.510;0.025;223.745
23-Sep-10;3;106.992;0.036;225.465
23-Sep-10;4;108.772;0.037;234.480
23-Sep-10;5;140.441;0.038;241.780
23-Sep-10;6;177.344;7.719;202.700
23-Sep-10;7;192.032;29.440;243.070
23-Sep-10;8;193.644;69.126;237.915
23-Sep-10;9;167.847;104.929;225.035
23-Sep-10;10;163.452;124.918;223.315
23-Sep-10;11;159.618;139.671;225.890
23-Sep-10;12;164.078;152.587;220.310
23-Sep-10;13;149.974;162.234;218.590
23-Sep-10;14;144.969;141.274;231.475
23-Sep-10;15;155.599;114.970;222.455
23-Sep-10;16;187.915;46.882;225.465
23-Sep-10;17;257.139;4.605;223.315
23-Sep-10;18;321.385;0.038;224.175
23-Sep-10;19;293.585;0.062;185.955
23-Sep-10;20;270.313;0.056;227.610
23-Sep-10;21;247.533;0.074;226.750
23-Sep-10;22;197.003;0.062;220.740
23-Sep-10;23;164.948;0.024;214.295
24-Sep-10;0;135.751;0.026;224.605
24-Sep-10;1;113.469;0.033;220.740
24-Sep-10;2;104.234;0.042;214.725
24-Sep-10;3;103.783;0.060;224.605
24-Sep-10;4;111.095;0.025;226.320
24-Sep-10;5;134.987;0.090;244.360
24-Sep-10;6;179.602;16.395;246.505
24-Sep-10;7;202.407;72.097;233.195
24-Sep-10;8;196.618;156.263;219.880
24-Sep-10;9;171.150;242.405;219.450
24-Sep-10;10;159.463;329.989;210.860
24-Sep-10;11;149.471;352.140;208.715
24-Sep-10;12;150.814;348.437;213.870
24-Sep-10;13;142.330;321.830;216.875
24-Sep-10;14;137.858;261.513;243.070
24-Sep-10;15;147.703;166.614;235.770
24-Sep-10;16;175.538;66.219;228.470
24-Sep-10;17;221.117;6.772;217.735
24-Sep-10;18;276.221;0.027;216.875
24-Sep-10;19;254.243;0.038;225.465
24-Sep-10;20;235.666;0.068;223.745
24-Sep-10;21;211.048;0.062;213.440
24-Sep-10;22;187.032;0.062;214.725
24-Sep-10;23;160.421;0.045;211.720
25-Sep-10;0;132.384;0.056;226.750
25-Sep-10;1;112.623;0.031;221.600
25-Sep-10;2;106.316;0.037;219.020
25-Sep-10;3;100.618;0.030;224.605
25-Sep-10;4;104.370;0.062;228.900
25-Sep-10;5;118.974;0.276;234.910
25-Sep-10;6;133.706;31.010;231.045
25-Sep-10;7;158.696;121.692;231.045
25-Sep-10;8;183.908;225.341;237.060
25-Sep-10;9;188.117;302.402;226.750
25-Sep-10;10;180.159;334.330;221.170
25-Sep-10;11;175.797;318.856;257.670
25-Sep-10;12;178.611;291.692;250.800
25-Sep-10;13;164.783;279.704;247.795
25-Sep-10;14;160.417;205.894;251.660
25-Sep-10;15;165.523;111.516;255.095
25-Sep-10;16;187.000;50.058;235.770
25-Sep-10;17;230.317;6.610;232.765
25-Sep-10;18;291.887;0.061;228.470
25-Sep-10;19;263.685;0.062;226.320
25-Sep-10;20;241.340;0.018;238.775
25-Sep-10;21;212.312;0.032;243.930
25-Sep-10;22;184.093;0.040;238.775
25-Sep-10;23;162.861;0.047;241.780
26-Sep-10;0;139.554;0.110;232.765
26-Sep-10;1;113.464;0.013;235.340
26-Sep-10;2;104.258;0.036;232.335
26-Sep-10;3;100.416;0.019;236.630
26-Sep-10;4;101.622;0.056;249.510
26-Sep-10;5;110.736;0.282;270.555
26-Sep-10;6;132.727;29.982;268.410
26-Sep-10;7;154.584;115.574;256.385
26-Sep-10;8;187.826;214.900;247.795
26-Sep-10;9;190.471;294.523;227.180
26-Sep-10;10;183.211;345.518;216.875
26-Sep-10;11;182.135;362.145;232.765
26-Sep-10;12;190.549;352.469;228.470
26-Sep-10;13;173.599;314.931;215.155
26-Sep-10;14;168.259;253.712;247.795
26-Sep-10;15;170.082;163.495;234.050
26-Sep-10;16;188.906;63.113;216.875
26-Sep-10;17;235.235;6.912;214.295
26-Sep-10;18;297.452;0.045;211.290
26-Sep-10;19;271.473;0.020;219.880
26-Sep-10;20;232.888;0.062;219.020
26-Sep-10;21;220.122;0.068;225.465
26-Sep-10;22;185.605;0.018;222.455
26-Sep-10;23;154.221;0.027;217.305
27-Sep-10;0;134.727;0.038;225.465
27-Sep-10;1;110.564;0.062;234.910
27-Sep-10;2;107.086;0.036;242.640
27-Sep-10;3;104.346;0.042;254.665
27-Sep-10;4;108.286;0.048;270.985
27-Sep-10;5;128.249;0.580;295.465
27-Sep-10;6;148.396;32.183;287.735
27-Sep-10;7;172.009;108.916;276.570
27-Sep-10;8;174.899;166.086;250.370
27-Sep-10;9;159.788;273.813;240.925
27-Sep-10;10;153.663;280.015;229.755
27-Sep-10;11;162.650;265.867;230.185
27-Sep-10;12;166.558;244.555;223.745
27-Sep-10;13;168.393;180.938;218.160
27-Sep-10;14;160.882;128.853;214.295
27-Sep-10;15;164.161;100.683;209.145
27-Sep-10;16;178.323;41.897;207.425
27-Sep-10;17;239.951;3.558;209.145
27-Sep-10;18;293.663;0.074;167.915
27-Sep-10;19;270.484;0.043;216.445
27-Sep-10;20;243.172;0.046;224.175
27-Sep-10;21;218.805;0.030;174.360
27-Sep-10;22;202.097;0.069;218.590
27-Sep-10;23;155.651;0.034;215.585
28-Sep-10;0;122.715;0.051;216.015
28-Sep-10;1;108.671;0.043;216.015
28-Sep-10;2;104.739;0.073;216.875
28-Sep-10;3;106.198;0.061;228.040
28-Sep-10;4;103.088;0.030;231.045
28-Sep-10;5;117.420;0.550;246.505
28-Sep-10;6;146.587;32.688;243.070
28-Sep-10;7;166.086;123.610;249.940
28-Sep-10;8;173.566;223.454;238.345
28-Sep-10;9;170.185;293.509;226.320
28-Sep-10;10;155.469;346.744;211.290
28-Sep-10;11;161.369;371.999;205.280
28-Sep-10;12;162.020;363.294;206.995
28-Sep-10;13;155.122;328.838;210.430
28-Sep-10;14;151.046;254.082;167.915
28-Sep-10;15;155.269;159.386;211.290
28-Sep-10;16;180.490;51.619;213.870
28-Sep-10;17;238.051;6.338;209.145
28-Sep-10;18;283.520;0.055;214.725
28-Sep-10;19;251.694;0.061;217.305
28-Sep-10;20;226.262;0.043;216.875
28-Sep-10;21;202.220;0.080;234.910
28-Sep-10;22;181.452;0.045;220.310
28-Sep-10;23;146.023;0.051;229.330
29-Sep-10;0;118.072;0.044;223.315
29-Sep-10;1;105.758;0.049;221.170
29-Sep-10;2;99.799;0.042;218.590
29-Sep-10;3;103.158;0.038;228.900
29-Sep-10;4;100.399;0.025;234.480
29-Sep-10;5;119.711;0.582;240.495
29-Sep-10;6;149.590;33.263;239.635
29-Sep-10;7;170.690;108.751;249.510
29-Sep-10;8;174.806;196.539;243.500
29-Sep-10;9;167.084;257.834;224.605
29-Sep-10;10;167.906;287.996;210.005
29-Sep-10;11;162.429;314.939;207.425
29-Sep-10;12;173.713;313.720;206.135
29-Sep-10;13;164.995;288.303;209.575
29-Sep-10;14;151.634;232.658;212.580
29-Sep-10;15;158.212;130.190;170.920
29-Sep-10;16;207.675;40.437;211.290
29-Sep-10;17;275.247;4.665;215.585
29-Sep-10;18;332.675;0.042;213.870
29-Sep-10;19;302.712;0.070;219.880
29-Sep-10;20;263.204;0.057;217.735
29-Sep-10;21;236.206;0.026;217.735
29-Sep-10;22;216.281;0.038;209.145
29-Sep-10;23;167.907;0.039;208.715
30-Sep-10;0;134.441;0.044;206.995
30-Sep-10;1;123.692;0.048;218.160
30-Sep-10;2;114.040;0.055;228.900
30-Sep-10;3;110.469;0.006;232.335
30-Sep-10;4;113.892;0.030;222.455
30-Sep-10;5;144.456;0.611;231.475
30-Sep-10;6;182.145;39.200;232.765
30-Sep-10;7;190.156;134.640;228.470
30-Sep-10;8;187.784;234.111;223.745
30-Sep-10;9;168.514;298.963;221.600
30-Sep-10;10;156.678;325.462;201.845
30-Sep-10;11;157.617;352.450;198.835
30-Sep-10;12;163.625;368.152;196.260
30-Sep-10;13;152.393;344.531;197.980
30-Sep-10;14;137.230;280.197;199.695
30-Sep-10;15;147.075;183.174;208.715
30-Sep-10;16;171.737;75.596;209.575
30-Sep-10;17;233.460;8.492;205.710
30-Sep-10;18;324.800;0.053;201.845
30-Sep-10;19;309.372;0.055;213.010
30-Sep-10;20;282.388;0.043;209.145
30-Sep-10;21;248.565;0.072;197.550
30-Sep-10;22;214.816;0.057;200.125
30-Sep-10;23;178.765;0.046;189.820
